[
    {
        "first_rev_id": 295869783,
        "first_hash_id": "574403f11d1c64b47f3ec57c3890af26",
        "first_editor_id": "6534950",
        "first_rev_time": "2009-06-11T22:36:04Z",
        "deleted": false,
        "ins": [
            295869783
        ],
        "ins_editor": [
            "6534950"
        ],
        "del": [],
        "del_editor": [],
        "change_sequence": [
            {
                "hash_id": "574403f11d1c64b47f3ec57c3890af26",
                "rev_id": 295869783,
                "editor_id": "6534950",
                "time": "2009-06-11T22:36:04Z",
                "tokens": [
                    "[",
                    "http",
                    ":",
                    "/",
                    "/",
                    "www",
                    ".",
                    "mof",
                    ".",
                    "gov",
                    ".",
                    "cy",
                    "/",
                    "mof",
                    "/",
                    "cystat",
                    "/",
                    "statistics",
                    ".",
                    "nsf",
                    "/",
                    "all",
                    "/",
                    "a5e0a9096615a568c2257122003fb72e",
                    "/",
                    "$",
                    "file",
                    "/",
                    "population",
                    "%",
                    "20by",
                    "%",
                    "20municipality",
                    "_",
                    "community",
                    "-",
                    "en",
                    ".",
                    "xls",
                    "?",
                    "openelement",
                    "census",
                    "2001",
                    "]"
                ],
                "token_editors": [
                    "6534950",
                    "6534950",
                    "6534950",
                    "6534950",
                    "6534950",
                    "6534950",
                    "6534950",
                    "6534950",
                    "6534950",
                    "6534950",
                    "6534950",
                    "6534950",
                    "6534950",
                    "6534950",
                    "6534950",
                    "6534950",
                    "6534950",
                    "6534950",
                    "6534950",
                    "6534950",
                    "6534950",
                    "6534950",
                    "6534950",
                    "6534950",
                    "6534950",
                    "6534950",
                    "6534950",
                    "6534950",
                    "6534950",
                    "6534950",
                    "6534950",
                    "6534950",
                    "6534950",
                    "6534950",
                    "6534950",
                    "6534950",
                    "6534950",
                    "6534950",
                    "6534950",
                    "6534950",
                    "6534950",
                    "6534950",
                    "6534950",
                    "6534950"
                ]
            }
        ],
        "modif": [],
        "hashes": [
            "574403f11d1c64b47f3ec57c3890af26"
        ],
        "ins_time": [
            "2009-06-11T22:36:04Z"
        ],
        "del_time": []
    },
    {
        "first_rev_id": 573135834,
        "first_hash_id": "656f96b146c63d171d30509ca7e74544",
        "first_editor_id": "19733064",
        "first_rev_time": "2013-09-16T10:08:23Z",
        "deleted": false,
        "ins": [
            573135834,
            575409747
        ],
        "ins_editor": [
            "19733064",
            "19733064"
        ],
        "del": [
            573185695
        ],
        "del_editor": [
            "14890160"
        ],
        "change_sequence": [
            {
                "hash_id": "656f96b146c63d171d30509ca7e74544",
                "rev_id": 573135834,
                "editor_id": "19733064",
                "time": "2013-09-16T10:08:23Z",
                "tokens": [
                    "http",
                    ":",
                    "/",
                    "/",
                    "klirou",
                    ".",
                    "com",
                    "/"
                ],
                "token_editors": [
                    "19733064",
                    "19733064",
                    "19733064",
                    "19733064",
                    "19733064",
                    "19733064",
                    "19733064",
                    "19733064"
                ]
            },
            {
                "hash_id": "87329d31756d58250195f6289506064d",
                "rev_id": 602852928,
                "editor_id": "19733064",
                "time": "2014-04-05T11:53:32Z",
                "tokens": [
                    "http",
                    ":",
                    "/",
                    "/",
                    "theseus",
                    "-",
                    "aegean",
                    ".",
                    "blogspot",
                    ".",
                    "com",
                    ".",
                    "au",
                    "/",
                    "2014",
                    "/",
                    "01",
                    "/",
                    "blog",
                    "-",
                    "post",
                    "_",
                    "29",
                    ".",
                    "html"
                ],
                "token_editors": [
                    "19733064",
                    "19733064",
                    "19733064",
                    "19733064",
                    "19733064",
                    "19733064",
                    "19733064",
                    "19733064",
                    "19733064",
                    "19733064",
                    "19733064",
                    "19733064",
                    "19733064",
                    "19733064",
                    "19733064",
                    "19733064",
                    "19733064",
                    "19733064",
                    "19733064",
                    "19733064",
                    "19733064",
                    "19733064",
                    "19733064",
                    "19733064",
                    "19733064"
                ]
            }
        ],
        "modif": [
            602852928
        ],
        "hashes": [
            "656f96b146c63d171d30509ca7e74544",
            "87329d31756d58250195f6289506064d"
        ],
        "ins_time": [
            "2013-09-16T10:08:23Z",
            "2013-10-02T08:34:20Z"
        ],
        "del_time": [
            "2013-09-16T17:41:50Z"
        ]
    },
    {
        "first_rev_id": 573135834,
        "first_hash_id": "2a60ccc372823f19692d8f2025b29948",
        "first_editor_id": "19733064",
        "first_rev_time": "2013-09-16T10:08:23Z",
        "deleted": true,
        "ins": [
            573135834
        ],
        "ins_editor": [
            "19733064"
        ],
        "del": [
            573185695
        ],
        "del_editor": [
            "14890160"
        ],
        "change_sequence": [
            {
                "hash_id": "2a60ccc372823f19692d8f2025b29948",
                "rev_id": 573135834,
                "editor_id": "19733064",
                "time": "2013-09-16T10:08:23Z",
                "tokens": [
                    "/",
                    "[[",
                    "http",
                    ":",
                    "/",
                    "/",
                    "klirou",
                    ".",
                    "com",
                    "/",
                    "]]"
                ],
                "token_editors": [
                    "19733064",
                    "19733064",
                    "19733064",
                    "19733064",
                    "19733064",
                    "19733064",
                    "19733064",
                    "19733064",
                    "19733064",
                    "19733064",
                    "19733064"
                ]
            }
        ],
        "modif": [],
        "hashes": [
            "2a60ccc372823f19692d8f2025b29948"
        ],
        "ins_time": [
            "2013-09-16T10:08:23Z"
        ],
        "del_time": [
            "2013-09-16T17:41:50Z"
        ]
    },
    {
        "first_rev_id": 573135834,
        "first_hash_id": "2c6a48559e65261239dfd831549630b4",
        "first_editor_id": "19733064",
        "first_rev_time": "2013-09-16T10:08:23Z",
        "deleted": true,
        "ins": [
            573135834
        ],
        "ins_editor": [
            "19733064"
        ],
        "del": [
            573185695
        ],
        "del_editor": [
            "14890160"
        ],
        "change_sequence": [
            {
                "hash_id": "2c6a48559e65261239dfd831549630b4",
                "rev_id": 573135834,
                "editor_id": "19733064",
                "time": "2013-09-16T10:08:23Z",
                "tokens": [
                    "http",
                    ":",
                    "/",
                    "/",
                    "en",
                    ".",
                    "wikipedia",
                    ".",
                    "org",
                    "/",
                    "wiki",
                    "/",
                    "christian",
                    "_",
                    "persecution",
                    "_",
                    "of",
                    "_",
                    "paganism",
                    "_",
                    "under",
                    "_",
                    "theodosius",
                    "_",
                    "i"
                ],
                "token_editors": [
                    "19733064",
                    "19733064",
                    "19733064",
                    "19733064",
                    "19733064",
                    "19733064",
                    "19733064",
                    "19733064",
                    "19733064",
                    "19733064",
                    "19733064",
                    "19733064",
                    "19733064",
                    "19733064",
                    "19733064",
                    "19733064",
                    "19733064",
                    "19733064",
                    "19733064",
                    "19733064",
                    "19733064",
                    "19733064",
                    "19733064",
                    "19733064",
                    "19733064"
                ]
            }
        ],
        "modif": [],
        "hashes": [
            "2c6a48559e65261239dfd831549630b4"
        ],
        "ins_time": [
            "2013-09-16T10:08:23Z"
        ],
        "del_time": [
            "2013-09-16T17:41:50Z"
        ]
    },
    {
        "first_rev_id": 573135834,
        "first_hash_id": "2d0d081100f1ea489113207c7761d970",
        "first_editor_id": "19733064",
        "first_rev_time": "2013-09-16T10:08:23Z",
        "deleted": true,
        "ins": [
            573135834
        ],
        "ins_editor": [
            "19733064"
        ],
        "del": [
            573185695
        ],
        "del_editor": [
            "14890160"
        ],
        "change_sequence": [
            {
                "hash_id": "2d0d081100f1ea489113207c7761d970",
                "rev_id": 573135834,
                "editor_id": "19733064",
                "time": "2013-09-16T10:08:23Z",
                "tokens": [
                    "https",
                    ":",
                    "/",
                    "/",
                    "en",
                    ".",
                    "wikipedia",
                    ".",
                    "org",
                    "/",
                    "wiki",
                    "/",
                    "tamassos"
                ],
                "token_editors": [
                    "19733064",
                    "19733064",
                    "19733064",
                    "19733064",
                    "19733064",
                    "19733064",
                    "19733064",
                    "19733064",
                    "19733064",
                    "19733064",
                    "19733064",
                    "19733064",
                    "19733064"
                ]
            }
        ],
        "modif": [],
        "hashes": [
            "2d0d081100f1ea489113207c7761d970"
        ],
        "ins_time": [
            "2013-09-16T10:08:23Z"
        ],
        "del_time": [
            "2013-09-16T17:41:50Z"
        ]
    },
    {
        "first_rev_id": 575409747,
        "first_hash_id": "f2eff92a0eccd2b2fe9cf7dcd5dbd75e",
        "first_editor_id": "19733064",
        "first_rev_time": "2013-10-02T08:34:20Z",
        "deleted": false,
        "ins": [
            575409747
        ],
        "ins_editor": [
            "19733064"
        ],
        "del": [],
        "del_editor": [],
        "change_sequence": [
            {
                "hash_id": "f2eff92a0eccd2b2fe9cf7dcd5dbd75e",
                "rev_id": 575409747,
                "editor_id": "19733064",
                "time": "2013-10-02T08:34:20Z",
                "tokens": [
                    "http",
                    ":",
                    "/",
                    "/",
                    "www",
                    ".",
                    "bookrags",
                    ".",
                    "com",
                    "/",
                    "ebooks",
                    "/",
                    "2331",
                    "/",
                    "135",
                    ".",
                    "html"
                ],
                "token_editors": [
                    "19733064",
                    "19733064",
                    "19733064",
                    "19733064",
                    "19733064",
                    "19733064",
                    "19733064",
                    "19733064",
                    "19733064",
                    "19733064",
                    "19733064",
                    "19733064",
                    "19733064",
                    "19733064",
                    "19733064",
                    "19733064",
                    "19733064"
                ]
            }
        ],
        "modif": [],
        "hashes": [
            "f2eff92a0eccd2b2fe9cf7dcd5dbd75e"
        ],
        "ins_time": [
            "2013-10-02T08:34:20Z"
        ],
        "del_time": []
    },
    {
        "first_rev_id": 600970036,
        "first_hash_id": "7620faa30a29fc987c7795b9778ea752",
        "first_editor_id": "19733064",
        "first_rev_time": "2014-03-24T02:07:42Z",
        "deleted": false,
        "ins": [
            600970036
        ],
        "ins_editor": [
            "19733064"
        ],
        "del": [],
        "del_editor": [],
        "change_sequence": [
            {
                "hash_id": "7620faa30a29fc987c7795b9778ea752",
                "rev_id": 600970036,
                "editor_id": "19733064",
                "time": "2014-03-24T02:07:42Z",
                "tokens": [
                    "http",
                    ":",
                    "/",
                    "/",
                    "kypros",
                    ".",
                    "org",
                    "/",
                    "sxetikos",
                    "/",
                    "library",
                    "/",
                    "byzantinechurches",
                    "/",
                    "ahistoryofcyprus",
                    "-",
                    "5",
                    ".",
                    "htm"
                ],
                "token_editors": [
                    "19733064",
                    "19733064",
                    "19733064",
                    "19733064",
                    "19733064",
                    "19733064",
                    "19733064",
                    "19733064",
                    "19733064",
                    "19733064",
                    "19733064",
                    "19733064",
                    "19733064",
                    "19733064",
                    "19733064",
                    "19733064",
                    "19733064",
                    "19733064",
                    "19733064"
                ]
            }
        ],
        "modif": [],
        "hashes": [
            "7620faa30a29fc987c7795b9778ea752"
        ],
        "ins_time": [
            "2014-03-24T02:07:42Z"
        ],
        "del_time": []
    },
    {
        "first_rev_id": 600970036,
        "first_hash_id": "c8177e58bc2d4f0102ba26d94c5aa8d7",
        "first_editor_id": "19733064",
        "first_rev_time": "2014-03-24T02:07:42Z",
        "deleted": false,
        "ins": [
            600970036
        ],
        "ins_editor": [
            "19733064"
        ],
        "del": [],
        "del_editor": [],
        "change_sequence": [
            {
                "hash_id": "c8177e58bc2d4f0102ba26d94c5aa8d7",
                "rev_id": 600970036,
                "editor_id": "19733064",
                "time": "2014-03-24T02:07:42Z",
                "tokens": [
                    "http",
                    ":",
                    "/",
                    "/",
                    "archive",
                    ".",
                    "org",
                    "/",
                    "stream",
                    "/",
                    "chroniquedelle00bustuoft",
                    "#",
                    "page",
                    "/",
                    "196",
                    "/",
                    "mode",
                    "/",
                    "2up"
                ],
                "token_editors": [
                    "19733064",
                    "19733064",
                    "19733064",
                    "19733064",
                    "19733064",
                    "19733064",
                    "19733064",
                    "19733064",
                    "19733064",
                    "19733064",
                    "19733064",
                    "19733064",
                    "19733064",
                    "19733064",
                    "19733064",
                    "19733064",
                    "19733064",
                    "19733064",
                    "19733064"
                ]
            },
            {
                "hash_id": "69a06a7b3ae7e82470310cccdebf488c",
                "rev_id": 654558103,
                "editor_id": "88026",
                "time": "2015-04-01T22:56:04Z",
                "tokens": [
                    "https",
                    ":",
                    "/",
                    "/",
                    "archive",
                    ".",
                    "org",
                    "/",
                    "stream",
                    "/",
                    "chroniquedelle00bustuoft",
                    "#",
                    "page",
                    "/",
                    "196",
                    "/",
                    "mode",
                    "/",
                    "2up"
                ],
                "token_editors": [
                    "88026",
                    "19733064",
                    "19733064",
                    "19733064",
                    "19733064",
                    "19733064",
                    "19733064",
                    "19733064",
                    "19733064",
                    "19733064",
                    "19733064",
                    "19733064",
                    "19733064",
                    "19733064",
                    "19733064",
                    "19733064",
                    "19733064",
                    "19733064",
                    "19733064"
                ]
            }
        ],
        "modif": [
            654558103
        ],
        "hashes": [
            "c8177e58bc2d4f0102ba26d94c5aa8d7",
            "69a06a7b3ae7e82470310cccdebf488c"
        ],
        "ins_time": [
            "2014-03-24T02:07:42Z"
        ],
        "del_time": []
    },
    {
        "first_rev_id": 600970036,
        "first_hash_id": "190f4f89c28b1272f4989062184d984b",
        "first_editor_id": "19733064",
        "first_rev_time": "2014-03-24T02:07:42Z",
        "deleted": false,
        "ins": [
            600970036
        ],
        "ins_editor": [
            "19733064"
        ],
        "del": [],
        "del_editor": [],
        "change_sequence": [
            {
                "hash_id": "190f4f89c28b1272f4989062184d984b",
                "rev_id": 600970036,
                "editor_id": "19733064",
                "time": "2014-03-24T02:07:42Z",
                "tokens": [
                    "anne",
                    "gilmour",
                    "-",
                    "bryson",
                    ".",
                    "the",
                    "trial",
                    "of",
                    "the",
                    "templars",
                    "in",
                    "cyprus",
                    "(",
                    "leiden",
                    ";",
                    "boston",
                    ";",
                    "koln",
                    ":",
                    "brill",
                    ",",
                    "1998",
                    ")",
                    ",",
                    "p",
                    ".",
                    "31"
                ],
                "token_editors": [
                    "19733064",
                    "19733064",
                    "19733064",
                    "19733064",
                    "19733064",
                    "19733064",
                    "19733064",
                    "19733064",
                    "19733064",
                    "19733064",
                    "19733064",
                    "19733064",
                    "19733064",
                    "19733064",
                    "19733064",
                    "19733064",
                    "19733064",
                    "19733064",
                    "19733064",
                    "19733064",
                    "19733064",
                    "19733064",
                    "19733064",
                    "19733064",
                    "19733064",
                    "19733064",
                    "19733064"
                ]
            }
        ],
        "modif": [],
        "hashes": [
            "190f4f89c28b1272f4989062184d984b"
        ],
        "ins_time": [
            "2014-03-24T02:07:42Z"
        ],
        "del_time": []
    },
    {
        "first_rev_id": 600970036,
        "first_hash_id": "e8d09382af6414b07f5f9f15ed9a5d7b",
        "first_editor_id": "19733064",
        "first_rev_time": "2014-03-24T02:07:42Z",
        "deleted": false,
        "ins": [
            600970036
        ],
        "ins_editor": [
            "19733064"
        ],
        "del": [],
        "del_editor": [],
        "change_sequence": [
            {
                "hash_id": "e8d09382af6414b07f5f9f15ed9a5d7b",
                "rev_id": 600970036,
                "editor_id": "19733064",
                "time": "2014-03-24T02:07:42Z",
                "tokens": [
                    "steven",
                    "runciman",
                    ",",
                    "a",
                    "history",
                    "of",
                    "the",
                    "crusades",
                    ",",
                    "vol",
                    ".",
                    "iii",
                    "(",
                    "new",
                    "york",
                    ":",
                    "harper",
                    "&",
                    "row",
                    ",",
                    "1967",
                    ")",
                    ",",
                    "p",
                    ".",
                    "437"
                ],
                "token_editors": [
                    "19733064",
                    "19733064",
                    "19733064",
                    "19733064",
                    "19733064",
                    "19733064",
                    "19733064",
                    "19733064",
                    "19733064",
                    "19733064",
                    "19733064",
                    "19733064",
                    "19733064",
                    "19733064",
                    "19733064",
                    "19733064",
                    "19733064",
                    "19733064",
                    "19733064",
                    "19733064",
                    "19733064",
                    "19733064",
                    "19733064",
                    "19733064",
                    "19733064",
                    "19733064"
                ]
            }
        ],
        "modif": [],
        "hashes": [
            "e8d09382af6414b07f5f9f15ed9a5d7b"
        ],
        "ins_time": [
            "2014-03-24T02:07:42Z"
        ],
        "del_time": []
    },
    {
        "first_rev_id": 600970036,
        "first_hash_id": "244f055bbf0707f902a8b14c200456e0",
        "first_editor_id": "19733064",
        "first_rev_time": "2014-03-24T02:07:42Z",
        "deleted": true,
        "ins": [
            600970036
        ],
        "ins_editor": [
            "19733064"
        ],
        "del": [
            778390729
        ],
        "del_editor": [
            "2219481"
        ],
        "change_sequence": [
            {
                "hash_id": "244f055bbf0707f902a8b14c200456e0",
                "rev_id": 600970036,
                "editor_id": "19733064",
                "time": "2014-03-24T02:07:42Z",
                "tokens": [
                    "http",
                    ":",
                    "/",
                    "/",
                    "archiver",
                    ".",
                    "rootsweb",
                    ".",
                    "ancestry",
                    ".",
                    "com",
                    "/",
                    "th",
                    "/",
                    "read",
                    "/",
                    "gen",
                    "-",
                    "medieval",
                    "/",
                    "2012",
                    "-",
                    "10",
                    "/",
                    "1351595783"
                ],
                "token_editors": [
                    "19733064",
                    "19733064",
                    "19733064",
                    "19733064",
                    "19733064",
                    "19733064",
                    "19733064",
                    "19733064",
                    "19733064",
                    "19733064",
                    "19733064",
                    "19733064",
                    "19733064",
                    "19733064",
                    "19733064",
                    "19733064",
                    "19733064",
                    "19733064",
                    "19733064",
                    "19733064",
                    "19733064",
                    "19733064",
                    "19733064",
                    "19733064",
                    "19733064"
                ]
            }
        ],
        "modif": [],
        "hashes": [
            "244f055bbf0707f902a8b14c200456e0"
        ],
        "ins_time": [
            "2014-03-24T02:07:42Z"
        ],
        "del_time": [
            "2017-05-02T20:46:40Z"
        ]
    },
    {
        "first_rev_id": 600970036,
        "first_hash_id": "8d50ff018768aac6dcb82472566b9d66",
        "first_editor_id": "19733064",
        "first_rev_time": "2014-03-24T02:07:42Z",
        "deleted": false,
        "ins": [
            600970036
        ],
        "ins_editor": [
            "19733064"
        ],
        "del": [],
        "del_editor": [],
        "change_sequence": [
            {
                "hash_id": "8d50ff018768aac6dcb82472566b9d66",
                "rev_id": 600970036,
                "editor_id": "19733064",
                "time": "2014-03-24T02:07:42Z",
                "tokens": [
                    "http",
                    ":",
                    "/",
                    "/",
                    "klirou",
                    ".",
                    "com",
                    "/",
                    "index",
                    ".",
                    "php",
                    "?",
                    "option",
                    "=",
                    "com",
                    "_",
                    "content",
                    "&",
                    "view",
                    "=",
                    "article",
                    "&",
                    "id",
                    "=",
                    "35",
                    ":",
                    "2012",
                    "-",
                    "09",
                    "-",
                    "22",
                    "-",
                    "15",
                    "-",
                    "58",
                    "-",
                    "08",
                    "&",
                    "catid",
                    "=",
                    "4",
                    ":",
                    "news",
                    "&",
                    "itemid",
                    "=",
                    "10",
                    "&",
                    "lang",
                    "=",
                    "en"
                ],
                "token_editors": [
                    "19733064",
                    "19733064",
                    "19733064",
                    "19733064",
                    "19733064",
                    "19733064",
                    "19733064",
                    "19733064",
                    "19733064",
                    "19733064",
                    "19733064",
                    "19733064",
                    "19733064",
                    "19733064",
                    "19733064",
                    "19733064",
                    "19733064",
                    "19733064",
                    "19733064",
                    "19733064",
                    "19733064",
                    "19733064",
                    "19733064",
                    "19733064",
                    "19733064",
                    "19733064",
                    "19733064",
                    "19733064",
                    "19733064",
                    "19733064",
                    "19733064",
                    "19733064",
                    "19733064",
                    "19733064",
                    "19733064",
                    "19733064",
                    "19733064",
                    "19733064",
                    "19733064",
                    "19733064",
                    "19733064",
                    "19733064",
                    "19733064",
                    "19733064",
                    "19733064",
                    "19733064",
                    "19733064",
                    "19733064",
                    "19733064",
                    "19733064",
                    "19733064"
                ]
            }
        ],
        "modif": [],
        "hashes": [
            "8d50ff018768aac6dcb82472566b9d66"
        ],
        "ins_time": [
            "2014-03-24T02:07:42Z"
        ],
        "del_time": []
    },
    {
        "first_rev_id": 602852928,
        "first_hash_id": "edee506ce0985690287bd49063c430ca",
        "first_editor_id": "19733064",
        "first_rev_time": "2014-04-05T11:53:32Z",
        "deleted": false,
        "ins": [
            602852928
        ],
        "ins_editor": [
            "19733064"
        ],
        "del": [],
        "del_editor": [],
        "change_sequence": [
            {
                "hash_id": "edee506ce0985690287bd49063c430ca",
                "rev_id": 602852928,
                "editor_id": "19733064",
                "time": "2014-04-05T11:53:32Z",
                "tokens": [
                    "http",
                    ":",
                    "/",
                    "/",
                    "www",
                    ".",
                    "infomine",
                    ".",
                    "com",
                    "/",
                    "index",
                    "/",
                    "properties",
                    "/",
                    "klirou",
                    "_",
                    "-",
                    "_",
                    "cyprus",
                    ".",
                    "html"
                ],
                "token_editors": [
                    "19733064",
                    "19733064",
                    "19733064",
                    "19733064",
                    "19733064",
                    "19733064",
                    "19733064",
                    "19733064",
                    "19733064",
                    "19733064",
                    "19733064",
                    "19733064",
                    "19733064",
                    "19733064",
                    "19733064",
                    "19733064",
                    "19733064",
                    "19733064",
                    "19733064",
                    "19733064",
                    "19733064"
                ]
            }
        ],
        "modif": [],
        "hashes": [
            "edee506ce0985690287bd49063c430ca"
        ],
        "ins_time": [
            "2014-04-05T11:53:32Z"
        ],
        "del_time": []
    },
    {
        "first_rev_id": 602852928,
        "first_hash_id": "7e1fd92d64a7e10655070add67a76311",
        "first_editor_id": "19733064",
        "first_rev_time": "2014-04-05T11:53:32Z",
        "deleted": true,
        "ins": [
            602852928
        ],
        "ins_editor": [
            "19733064"
        ],
        "del": [
            602857513
        ],
        "del_editor": [
            "19733064"
        ],
        "change_sequence": [
            {
                "hash_id": "7e1fd92d64a7e10655070add67a76311",
                "rev_id": 602852928,
                "editor_id": "19733064",
                "time": "2014-04-05T11:53:32Z",
                "tokens": [
                    "http",
                    ":",
                    "/",
                    "/",
                    "shelf3d",
                    ".",
                    "com",
                    "/",
                    "i",
                    "/",
                    "christian",
                    "%",
                    "20persecution",
                    "%",
                    "20of",
                    "%",
                    "20paganism",
                    "%",
                    "20under",
                    "%",
                    "20theodosius",
                    "%",
                    "20i"
                ],
                "token_editors": [
                    "19733064",
                    "19733064",
                    "19733064",
                    "19733064",
                    "19733064",
                    "19733064",
                    "19733064",
                    "19733064",
                    "19733064",
                    "19733064",
                    "19733064",
                    "19733064",
                    "19733064",
                    "19733064",
                    "19733064",
                    "19733064",
                    "19733064",
                    "19733064",
                    "19733064",
                    "19733064",
                    "19733064",
                    "19733064",
                    "19733064"
                ]
            }
        ],
        "modif": [],
        "hashes": [
            "7e1fd92d64a7e10655070add67a76311"
        ],
        "ins_time": [
            "2014-04-05T11:53:32Z"
        ],
        "del_time": [
            "2014-04-05T12:39:23Z"
        ]
    }
]