[
    {
        "first_rev_id": 567456030,
        "first_hash_id": "349879a413f1b3c3f6a4c6252302033b",
        "first_editor_id": "11112747",
        "first_rev_time": "2013-08-06T21:55:13Z",
        "deleted": false,
        "ins": [
            567456030
        ],
        "ins_editor": [
            "11112747"
        ],
        "del": [],
        "del_editor": [],
        "change_sequence": [
            {
                "hash_id": "349879a413f1b3c3f6a4c6252302033b",
                "rev_id": 567456030,
                "editor_id": "11112747",
                "time": "2013-08-06T21:55:13Z",
                "tokens": [
                    "=",
                    "desrep",
                    ">",
                    "betts",
                    ",",
                    "mary",
                    "beth",
                    "(",
                    "ed",
                    ".",
                    ")",
                    "[",
                    "http",
                    ":",
                    "/",
                    "/",
                    "www",
                    ".",
                    "nyc",
                    ".",
                    "gov",
                    "/",
                    "html",
                    "/",
                    "lpc",
                    "/",
                    "downloads",
                    "/",
                    "pdf",
                    "/",
                    "reports",
                    "/",
                    "2446",
                    ".",
                    "pdf",
                    "\"",
                    "park",
                    "place",
                    "historic",
                    "district",
                    "designation",
                    "report",
                    "\"",
                    "]",
                    ",",
                    "[[",
                    "new",
                    "york",
                    "city",
                    "landmarks",
                    "preservation",
                    "commission",
                    "]]",
                    "(",
                    "june",
                    "26",
                    ",",
                    "2012",
                    ")"
                ],
                "token_editors": [
                    "11112747",
                    "11112747",
                    "11112747",
                    "11112747",
                    "11112747",
                    "11112747",
                    "11112747",
                    "11112747",
                    "11112747",
                    "11112747",
                    "11112747",
                    "11112747",
                    "11112747",
                    "11112747",
                    "11112747",
                    "11112747",
                    "11112747",
                    "11112747",
                    "11112747",
                    "11112747",
                    "11112747",
                    "11112747",
                    "11112747",
                    "11112747",
                    "11112747",
                    "11112747",
                    "11112747",
                    "11112747",
                    "11112747",
                    "11112747",
                    "11112747",
                    "11112747",
                    "11112747",
                    "11112747",
                    "11112747",
                    "11112747",
                    "11112747",
                    "11112747",
                    "11112747",
                    "11112747",
                    "11112747",
                    "11112747",
                    "11112747",
                    "11112747",
                    "11112747",
                    "11112747",
                    "11112747",
                    "11112747",
                    "11112747",
                    "11112747",
                    "11112747",
                    "11112747",
                    "11112747",
                    "11112747",
                    "11112747",
                    "11112747",
                    "11112747",
                    "11112747",
                    "11112747"
                ]
            }
        ],
        "modif": [],
        "hashes": [
            "349879a413f1b3c3f6a4c6252302033b"
        ],
        "ins_time": [
            "2013-08-06T21:55:13Z"
        ],
        "del_time": []
    }
]