[
    {
        "first_rev_id": 799424746,
        "first_hash_id": "8b029c7094addc75665fa8fcb1b71957",
        "first_editor_id": "6927073",
        "first_rev_time": "2017-09-07T17:11:48Z",
        "deleted": false,
        "ins": [
            799424746
        ],
        "ins_editor": [
            "6927073"
        ],
        "del": [],
        "del_editor": [],
        "change_sequence": [
            {
                "hash_id": "8b029c7094addc75665fa8fcb1b71957",
                "rev_id": 799424746,
                "editor_id": "6927073",
                "time": "2017-09-07T17:11:48Z",
                "tokens": [
                    "{{",
                    "cite",
                    "web",
                    "|",
                    "url",
                    "=",
                    "http",
                    ":",
                    "/",
                    "/",
                    "www",
                    ".",
                    "cbr",
                    ".",
                    "com",
                    "/",
                    "bendis",
                    "-",
                    "promises",
                    "-",
                    "legitimate",
                    "-",
                    "closure",
                    "-",
                    "in",
                    "-",
                    "ultimate",
                    "-",
                    "end",
                    "/",
                    "|",
                    "title",
                    "=",
                    "bendis",
                    "promises",
                    "\u201clegitimate",
                    "closure",
                    "\u201d",
                    "in",
                    "\u201cultimate",
                    "end",
                    "\u201d",
                    "|",
                    "author",
                    "=",
                    "brett",
                    "white",
                    "|",
                    "date",
                    "=",
                    "january",
                    "28",
                    ",",
                    "2015",
                    "|",
                    "publisher",
                    "=",
                    "cbr",
                    "|",
                    "accessdate",
                    "=",
                    "september",
                    "6",
                    ",",
                    "2017",
                    "}}"
                ],
                "token_editors": [
                    "6927073",
                    "6927073",
                    "6927073",
                    "6927073",
                    "6927073",
                    "6927073",
                    "6927073",
                    "6927073",
                    "6927073",
                    "6927073",
                    "6927073",
                    "6927073",
                    "6927073",
                    "6927073",
                    "6927073",
                    "6927073",
                    "6927073",
                    "6927073",
                    "6927073",
                    "6927073",
                    "6927073",
                    "6927073",
                    "6927073",
                    "6927073",
                    "6927073",
                    "6927073",
                    "6927073",
                    "6927073",
                    "6927073",
                    "6927073",
                    "6927073",
                    "6927073",
                    "6927073",
                    "6927073",
                    "6927073",
                    "6927073",
                    "6927073",
                    "6927073",
                    "6927073",
                    "6927073",
                    "6927073",
                    "6927073",
                    "6927073",
                    "6927073",
                    "6927073",
                    "6927073",
                    "6927073",
                    "6927073",
                    "6927073",
                    "6927073",
                    "6927073",
                    "6927073",
                    "6927073",
                    "6927073",
                    "6927073",
                    "6927073",
                    "6927073",
                    "6927073",
                    "6927073",
                    "6927073",
                    "6927073",
                    "6927073",
                    "6927073",
                    "6927073",
                    "6927073",
                    "6927073"
                ]
            },
            {
                "hash_id": "58fcc8c9ae6bbb589b1d3705e5cb26b3",
                "rev_id": 799426112,
                "editor_id": "6927073",
                "time": "2017-09-07T17:22:38Z",
                "tokens": [
                    "=",
                    "\"",
                    "closure",
                    "\"",
                    ">",
                    "{{",
                    "cite",
                    "web",
                    "|",
                    "url",
                    "=",
                    "http",
                    ":",
                    "/",
                    "/",
                    "www",
                    ".",
                    "cbr",
                    ".",
                    "com",
                    "/",
                    "bendis",
                    "-",
                    "promises",
                    "-",
                    "legitimate",
                    "-",
                    "closure",
                    "-",
                    "in",
                    "-",
                    "ultimate",
                    "-",
                    "end",
                    "/",
                    "|",
                    "title",
                    "=",
                    "bendis",
                    "promises",
                    "\u201clegitimate",
                    "closure",
                    "\u201d",
                    "in",
                    "\u201cultimate",
                    "end",
                    "\u201d",
                    "|",
                    "author",
                    "=",
                    "brett",
                    "white",
                    "|",
                    "date",
                    "=",
                    "january",
                    "28",
                    ",",
                    "2015",
                    "|",
                    "publisher",
                    "=",
                    "cbr",
                    "|",
                    "accessdate",
                    "=",
                    "september",
                    "6",
                    ",",
                    "2017",
                    "}}"
                ],
                "token_editors": [
                    "6927073",
                    "6927073",
                    "6927073",
                    "6927073",
                    "6927073",
                    "6927073",
                    "6927073",
                    "6927073",
                    "6927073",
                    "6927073",
                    "6927073",
                    "6927073",
                    "6927073",
                    "6927073",
                    "6927073",
                    "6927073",
                    "6927073",
                    "6927073",
                    "6927073",
                    "6927073",
                    "6927073",
                    "6927073",
                    "6927073",
                    "6927073",
                    "6927073",
                    "6927073",
                    "6927073",
                    "6927073",
                    "6927073",
                    "6927073",
                    "6927073",
                    "6927073",
                    "6927073",
                    "6927073",
                    "6927073",
                    "6927073",
                    "6927073",
                    "6927073",
                    "6927073",
                    "6927073",
                    "6927073",
                    "6927073",
                    "6927073",
                    "6927073",
                    "6927073",
                    "6927073",
                    "6927073",
                    "6927073",
                    "6927073",
                    "6927073",
                    "6927073",
                    "6927073",
                    "6927073",
                    "6927073",
                    "6927073",
                    "6927073",
                    "6927073",
                    "6927073",
                    "6927073",
                    "6927073",
                    "6927073",
                    "6927073",
                    "6927073",
                    "6927073",
                    "6927073",
                    "6927073",
                    "6927073",
                    "6927073",
                    "6927073",
                    "6927073",
                    "6927073"
                ]
            },
            {
                "hash_id": "fa388de3c1f1e526db183ed82ba7721d",
                "rev_id": 802819255,
                "editor_id": "1808194",
                "time": "2017-09-28T17:43:00Z",
                "tokens": [
                    "=",
                    "\"",
                    "closure",
                    "\"",
                    ">",
                    "{{",
                    "cite",
                    "web",
                    "|",
                    "url",
                    "=",
                    "http",
                    ":",
                    "/",
                    "/",
                    "www",
                    ".",
                    "cbr",
                    ".",
                    "com",
                    "/",
                    "bendis",
                    "-",
                    "promises",
                    "-",
                    "legitimate",
                    "-",
                    "closure",
                    "-",
                    "in",
                    "-",
                    "ultimate",
                    "-",
                    "end",
                    "/",
                    "|",
                    "title",
                    "=",
                    "bendis",
                    "promises",
                    "\"",
                    "legitimate",
                    "closure",
                    "\"",
                    "in",
                    "\"",
                    "ultimate",
                    "end",
                    "\"",
                    "|",
                    "author",
                    "=",
                    "brett",
                    "white",
                    "|",
                    "date",
                    "=",
                    "january",
                    "28",
                    ",",
                    "2015",
                    "|",
                    "publisher",
                    "=",
                    "cbr",
                    "|",
                    "accessdate",
                    "=",
                    "september",
                    "6",
                    ",",
                    "2017",
                    "}}"
                ],
                "token_editors": [
                    "6927073",
                    "6927073",
                    "6927073",
                    "6927073",
                    "6927073",
                    "6927073",
                    "6927073",
                    "6927073",
                    "6927073",
                    "6927073",
                    "6927073",
                    "6927073",
                    "6927073",
                    "6927073",
                    "6927073",
                    "6927073",
                    "6927073",
                    "6927073",
                    "6927073",
                    "6927073",
                    "6927073",
                    "6927073",
                    "6927073",
                    "6927073",
                    "6927073",
                    "6927073",
                    "6927073",
                    "6927073",
                    "6927073",
                    "6927073",
                    "6927073",
                    "6927073",
                    "6927073",
                    "6927073",
                    "6927073",
                    "6927073",
                    "6927073",
                    "6927073",
                    "6927073",
                    "6927073",
                    "1808194",
                    "1808194",
                    "6927073",
                    "1808194",
                    "6927073",
                    "1808194",
                    "1808194",
                    "6927073",
                    "1808194",
                    "6927073",
                    "6927073",
                    "6927073",
                    "6927073",
                    "6927073",
                    "6927073",
                    "6927073",
                    "6927073",
                    "6927073",
                    "6927073",
                    "6927073",
                    "6927073",
                    "6927073",
                    "6927073",
                    "6927073",
                    "6927073",
                    "6927073",
                    "6927073",
                    "6927073",
                    "6927073",
                    "6927073",
                    "6927073",
                    "6927073",
                    "6927073"
                ]
            }
        ],
        "modif": [
            799426112,
            802819255
        ],
        "hashes": [
            "8b029c7094addc75665fa8fcb1b71957",
            "58fcc8c9ae6bbb589b1d3705e5cb26b3",
            "fa388de3c1f1e526db183ed82ba7721d"
        ],
        "ins_time": [
            "2017-09-07T17:11:48Z"
        ],
        "del_time": []
    },
    {
        "first_rev_id": 799427274,
        "first_hash_id": "d35be382cf221e21bf53b7dfabc89dd7",
        "first_editor_id": "6927073",
        "first_rev_time": "2017-09-07T17:31:36Z",
        "deleted": false,
        "ins": [
            799427274
        ],
        "ins_editor": [
            "6927073"
        ],
        "del": [],
        "del_editor": [],
        "change_sequence": [
            {
                "hash_id": "d35be382cf221e21bf53b7dfabc89dd7",
                "rev_id": 799427274,
                "editor_id": "6927073",
                "time": "2017-09-07T17:31:36Z",
                "tokens": [
                    "{{",
                    "cite",
                    "web",
                    "|",
                    "url",
                    "=",
                    "http",
                    ":",
                    "/",
                    "/",
                    "www",
                    ".",
                    "cbr",
                    ".",
                    "com",
                    "/",
                    "ultimate",
                    "-",
                    "end",
                    "-",
                    "1",
                    "/",
                    "|",
                    "title",
                    "=",
                    "ultimate",
                    "end",
                    "#",
                    "1",
                    "|",
                    "author",
                    "=",
                    "matt",
                    "little",
                    "|",
                    "date",
                    "=",
                    "may",
                    "22",
                    ",",
                    "2015",
                    "|",
                    "publisher",
                    "=",
                    "cbr",
                    "|",
                    "accessdate",
                    "=",
                    "september",
                    "6",
                    ",",
                    "2017",
                    "}}"
                ],
                "token_editors": [
                    "6927073",
                    "6927073",
                    "6927073",
                    "6927073",
                    "6927073",
                    "6927073",
                    "6927073",
                    "6927073",
                    "6927073",
                    "6927073",
                    "6927073",
                    "6927073",
                    "6927073",
                    "6927073",
                    "6927073",
                    "6927073",
                    "6927073",
                    "6927073",
                    "6927073",
                    "6927073",
                    "6927073",
                    "6927073",
                    "6927073",
                    "6927073",
                    "6927073",
                    "6927073",
                    "6927073",
                    "6927073",
                    "6927073",
                    "6927073",
                    "6927073",
                    "6927073",
                    "6927073",
                    "6927073",
                    "6927073",
                    "6927073",
                    "6927073",
                    "6927073",
                    "6927073",
                    "6927073",
                    "6927073",
                    "6927073",
                    "6927073",
                    "6927073",
                    "6927073",
                    "6927073",
                    "6927073",
                    "6927073",
                    "6927073",
                    "6927073",
                    "6927073",
                    "6927073",
                    "6927073"
                ]
            }
        ],
        "modif": [],
        "hashes": [
            "d35be382cf221e21bf53b7dfabc89dd7"
        ],
        "ins_time": [
            "2017-09-07T17:31:36Z"
        ],
        "del_time": []
    },
    {
        "first_rev_id": 799433567,
        "first_hash_id": "f4e66aecb78c12c1015da8bf394c4172",
        "first_editor_id": "6927073",
        "first_rev_time": "2017-09-07T18:18:23Z",
        "deleted": false,
        "ins": [
            799433567
        ],
        "ins_editor": [
            "6927073"
        ],
        "del": [],
        "del_editor": [],
        "change_sequence": [
            {
                "hash_id": "f4e66aecb78c12c1015da8bf394c4172",
                "rev_id": 799433567,
                "editor_id": "6927073",
                "time": "2017-09-07T18:18:23Z",
                "tokens": [
                    "{{",
                    "cite",
                    "web",
                    "|",
                    "url",
                    "=",
                    "http",
                    ":",
                    "/",
                    "/",
                    "www",
                    ".",
                    "cbr",
                    ".",
                    "com",
                    "/",
                    "spoiler",
                    "-",
                    "returns",
                    "-",
                    "in",
                    "-",
                    "marvels",
                    "-",
                    "ultimate",
                    "-",
                    "end",
                    "-",
                    "finale",
                    "/",
                    "|",
                    "title",
                    "=",
                    "returns",
                    "in",
                    "marvel",
                    "\u2019",
                    "s",
                    "\u201cultimate",
                    "end",
                    "\u201d",
                    "finale",
                    "|",
                    "author",
                    "=",
                    "stephen",
                    "gerding",
                    "|",
                    "date",
                    "=",
                    "december",
                    "16",
                    ",",
                    "2015",
                    "|",
                    "publisher",
                    "=",
                    "cbr",
                    "|",
                    "accessdate",
                    "=",
                    "september",
                    "6",
                    ",",
                    "2017",
                    "}}"
                ],
                "token_editors": [
                    "6927073",
                    "6927073",
                    "6927073",
                    "6927073",
                    "6927073",
                    "6927073",
                    "6927073",
                    "6927073",
                    "6927073",
                    "6927073",
                    "6927073",
                    "6927073",
                    "6927073",
                    "6927073",
                    "6927073",
                    "6927073",
                    "6927073",
                    "6927073",
                    "6927073",
                    "6927073",
                    "6927073",
                    "6927073",
                    "6927073",
                    "6927073",
                    "6927073",
                    "6927073",
                    "6927073",
                    "6927073",
                    "6927073",
                    "6927073",
                    "6927073",
                    "6927073",
                    "6927073",
                    "6927073",
                    "6927073",
                    "6927073",
                    "6927073",
                    "6927073",
                    "6927073",
                    "6927073",
                    "6927073",
                    "6927073",
                    "6927073",
                    "6927073",
                    "6927073",
                    "6927073",
                    "6927073",
                    "6927073",
                    "6927073",
                    "6927073",
                    "6927073",
                    "6927073",
                    "6927073",
                    "6927073",
                    "6927073",
                    "6927073",
                    "6927073",
                    "6927073",
                    "6927073",
                    "6927073",
                    "6927073",
                    "6927073",
                    "6927073",
                    "6927073",
                    "6927073",
                    "6927073"
                ]
            },
            {
                "hash_id": "da20c0b3c8eb544845835a02b689ea80",
                "rev_id": 802819255,
                "editor_id": "1808194",
                "time": "2017-09-28T17:43:00Z",
                "tokens": [
                    "{{",
                    "cite",
                    "web",
                    "|",
                    "url",
                    "=",
                    "http",
                    ":",
                    "/",
                    "/",
                    "www",
                    ".",
                    "cbr",
                    ".",
                    "com",
                    "/",
                    "spoiler",
                    "-",
                    "returns",
                    "-",
                    "in",
                    "-",
                    "marvels",
                    "-",
                    "ultimate",
                    "-",
                    "end",
                    "-",
                    "finale",
                    "/",
                    "|",
                    "title",
                    "=",
                    "returns",
                    "in",
                    "marvel",
                    "\u2019",
                    "s",
                    "\"",
                    "ultimate",
                    "end",
                    "\"",
                    "finale",
                    "|",
                    "author",
                    "=",
                    "stephen",
                    "gerding",
                    "|",
                    "date",
                    "=",
                    "december",
                    "16",
                    ",",
                    "2015",
                    "|",
                    "publisher",
                    "=",
                    "cbr",
                    "|",
                    "accessdate",
                    "=",
                    "september",
                    "6",
                    ",",
                    "2017",
                    "}}"
                ],
                "token_editors": [
                    "6927073",
                    "6927073",
                    "6927073",
                    "6927073",
                    "6927073",
                    "6927073",
                    "6927073",
                    "6927073",
                    "6927073",
                    "6927073",
                    "6927073",
                    "6927073",
                    "6927073",
                    "6927073",
                    "6927073",
                    "6927073",
                    "6927073",
                    "6927073",
                    "6927073",
                    "6927073",
                    "6927073",
                    "6927073",
                    "6927073",
                    "6927073",
                    "6927073",
                    "6927073",
                    "6927073",
                    "6927073",
                    "6927073",
                    "6927073",
                    "6927073",
                    "6927073",
                    "6927073",
                    "6927073",
                    "6927073",
                    "6927073",
                    "6927073",
                    "6927073",
                    "1808194",
                    "1808194",
                    "6927073",
                    "1808194",
                    "6927073",
                    "6927073",
                    "6927073",
                    "6927073",
                    "6927073",
                    "6927073",
                    "6927073",
                    "6927073",
                    "6927073",
                    "6927073",
                    "6927073",
                    "6927073",
                    "6927073",
                    "6927073",
                    "6927073",
                    "6927073",
                    "6927073",
                    "6927073",
                    "6927073",
                    "6927073",
                    "6927073",
                    "6927073",
                    "6927073",
                    "6927073",
                    "6927073"
                ]
            },
            {
                "hash_id": "8d0b55433ae20a94305f11e75b881dcc",
                "rev_id": 854684044,
                "editor_id": "508734",
                "time": "2018-08-13T02:43:11Z",
                "tokens": [
                    "{{",
                    "cite",
                    "web",
                    "|",
                    "url",
                    "=",
                    "http",
                    ":",
                    "/",
                    "/",
                    "www",
                    ".",
                    "cbr",
                    ".",
                    "com",
                    "/",
                    "spoiler",
                    "-",
                    "returns",
                    "-",
                    "in",
                    "-",
                    "marvels",
                    "-",
                    "ultimate",
                    "-",
                    "end",
                    "-",
                    "finale",
                    "/",
                    "|",
                    "title",
                    "=",
                    "returns",
                    "in",
                    "marvel",
                    "'",
                    "s",
                    "\"",
                    "ultimate",
                    "end",
                    "\"",
                    "finale",
                    "|",
                    "author",
                    "=",
                    "stephen",
                    "gerding",
                    "|",
                    "date",
                    "=",
                    "december",
                    "16",
                    ",",
                    "2015",
                    "|",
                    "publisher",
                    "=",
                    "cbr",
                    "|",
                    "accessdate",
                    "=",
                    "september",
                    "6",
                    ",",
                    "2017",
                    "}}"
                ],
                "token_editors": [
                    "6927073",
                    "6927073",
                    "6927073",
                    "6927073",
                    "6927073",
                    "6927073",
                    "6927073",
                    "6927073",
                    "6927073",
                    "6927073",
                    "6927073",
                    "6927073",
                    "6927073",
                    "6927073",
                    "6927073",
                    "6927073",
                    "6927073",
                    "6927073",
                    "6927073",
                    "6927073",
                    "6927073",
                    "6927073",
                    "6927073",
                    "6927073",
                    "6927073",
                    "6927073",
                    "6927073",
                    "6927073",
                    "6927073",
                    "6927073",
                    "6927073",
                    "6927073",
                    "6927073",
                    "6927073",
                    "6927073",
                    "6927073",
                    "508734",
                    "6927073",
                    "1808194",
                    "1808194",
                    "6927073",
                    "1808194",
                    "6927073",
                    "6927073",
                    "6927073",
                    "6927073",
                    "6927073",
                    "6927073",
                    "6927073",
                    "6927073",
                    "6927073",
                    "6927073",
                    "6927073",
                    "6927073",
                    "6927073",
                    "6927073",
                    "6927073",
                    "6927073",
                    "6927073",
                    "6927073",
                    "6927073",
                    "6927073",
                    "6927073",
                    "6927073",
                    "6927073",
                    "6927073",
                    "6927073"
                ]
            }
        ],
        "modif": [
            802819255,
            854684044
        ],
        "hashes": [
            "f4e66aecb78c12c1015da8bf394c4172",
            "da20c0b3c8eb544845835a02b689ea80",
            "8d0b55433ae20a94305f11e75b881dcc"
        ],
        "ins_time": [
            "2017-09-07T18:18:23Z"
        ],
        "del_time": []
    },
    {
        "first_rev_id": 799435215,
        "first_hash_id": "56beb28b2f91337887bff9f66504eb1d",
        "first_editor_id": "6927073",
        "first_rev_time": "2017-09-07T18:30:04Z",
        "deleted": true,
        "ins": [
            799435215
        ],
        "ins_editor": [
            "6927073"
        ],
        "del": [
            799556120
        ],
        "del_editor": [
            "15145848"
        ],
        "change_sequence": [
            {
                "hash_id": "56beb28b2f91337887bff9f66504eb1d",
                "rev_id": 799435215,
                "editor_id": "6927073",
                "time": "2017-09-07T18:30:04Z",
                "tokens": [
                    "{{",
                    "cite",
                    "web",
                    "|",
                    "url",
                    "=",
                    "https",
                    ":",
                    "/",
                    "/",
                    "www",
                    ".",
                    "goodreads",
                    ".",
                    "com",
                    "/",
                    "book",
                    "/",
                    "show",
                    "/",
                    "25319043",
                    "-",
                    "ultimate",
                    "-",
                    "end",
                    "|",
                    "title",
                    "=",
                    "ultimate",
                    "end",
                    "|",
                    "author",
                    "=",
                    "|",
                    "date",
                    "=",
                    "|",
                    "publisher",
                    "=",
                    "good",
                    "reads",
                    "|",
                    "accessdate",
                    "=",
                    "september",
                    "6",
                    ",",
                    "2017",
                    "}}"
                ],
                "token_editors": [
                    "6927073",
                    "6927073",
                    "6927073",
                    "6927073",
                    "6927073",
                    "6927073",
                    "6927073",
                    "6927073",
                    "6927073",
                    "6927073",
                    "6927073",
                    "6927073",
                    "6927073",
                    "6927073",
                    "6927073",
                    "6927073",
                    "6927073",
                    "6927073",
                    "6927073",
                    "6927073",
                    "6927073",
                    "6927073",
                    "6927073",
                    "6927073",
                    "6927073",
                    "6927073",
                    "6927073",
                    "6927073",
                    "6927073",
                    "6927073",
                    "6927073",
                    "6927073",
                    "6927073",
                    "6927073",
                    "6927073",
                    "6927073",
                    "6927073",
                    "6927073",
                    "6927073",
                    "6927073",
                    "6927073",
                    "6927073",
                    "6927073",
                    "6927073",
                    "6927073",
                    "6927073",
                    "6927073",
                    "6927073",
                    "6927073"
                ]
            }
        ],
        "modif": [],
        "hashes": [
            "56beb28b2f91337887bff9f66504eb1d"
        ],
        "ins_time": [
            "2017-09-07T18:30:04Z"
        ],
        "del_time": [
            "2017-09-08T12:41:00Z"
        ]
    },
    {
        "first_rev_id": 809197235,
        "first_hash_id": "d75c79b7ab850e67051ab9332d40a784",
        "first_editor_id": "6927073",
        "first_rev_time": "2017-11-07T18:22:10Z",
        "deleted": false,
        "ins": [
            809197235
        ],
        "ins_editor": [
            "6927073"
        ],
        "del": [],
        "del_editor": [],
        "change_sequence": [
            {
                "hash_id": "d75c79b7ab850e67051ab9332d40a784",
                "rev_id": 809197235,
                "editor_id": "6927073",
                "time": "2017-11-07T18:22:10Z",
                "tokens": [
                    "{{",
                    "cite",
                    "web",
                    "|",
                    "url",
                    "=",
                    "https",
                    ":",
                    "/",
                    "/",
                    "www",
                    ".",
                    "cbr",
                    ".",
                    "com",
                    "/",
                    "exclusive",
                    "-",
                    "marvel",
                    "-",
                    "teaser",
                    "-",
                    "proclaims",
                    "-",
                    "the",
                    "-",
                    "end",
                    "-",
                    "of",
                    "-",
                    "the",
                    "-",
                    "ultimate",
                    "-",
                    "universe",
                    "/",
                    "|",
                    "title",
                    "=",
                    "exclusive",
                    ":",
                    "marvel",
                    "teaser",
                    "proclaims",
                    "\u201cthe",
                    "end",
                    "\u201d",
                    "of",
                    "the",
                    "ultimate",
                    "universe",
                    "|",
                    "author",
                    "=",
                    "steve",
                    "sunu",
                    "|",
                    "date",
                    "=",
                    "october",
                    "24",
                    ",",
                    "2014",
                    "|",
                    "publisher",
                    "=",
                    "cbr",
                    "|",
                    "accessdate",
                    "=",
                    "november",
                    "6",
                    ",",
                    "2017",
                    "}}"
                ],
                "token_editors": [
                    "6927073",
                    "6927073",
                    "6927073",
                    "6927073",
                    "6927073",
                    "6927073",
                    "6927073",
                    "6927073",
                    "6927073",
                    "6927073",
                    "6927073",
                    "6927073",
                    "6927073",
                    "6927073",
                    "6927073",
                    "6927073",
                    "6927073",
                    "6927073",
                    "6927073",
                    "6927073",
                    "6927073",
                    "6927073",
                    "6927073",
                    "6927073",
                    "6927073",
                    "6927073",
                    "6927073",
                    "6927073",
                    "6927073",
                    "6927073",
                    "6927073",
                    "6927073",
                    "6927073",
                    "6927073",
                    "6927073",
                    "6927073",
                    "6927073",
                    "6927073",
                    "6927073",
                    "6927073",
                    "6927073",
                    "6927073",
                    "6927073",
                    "6927073",
                    "6927073",
                    "6927073",
                    "6927073",
                    "6927073",
                    "6927073",
                    "6927073",
                    "6927073",
                    "6927073",
                    "6927073",
                    "6927073",
                    "6927073",
                    "6927073",
                    "6927073",
                    "6927073",
                    "6927073",
                    "6927073",
                    "6927073",
                    "6927073",
                    "6927073",
                    "6927073",
                    "6927073",
                    "6927073",
                    "6927073",
                    "6927073",
                    "6927073",
                    "6927073",
                    "6927073",
                    "6927073",
                    "6927073",
                    "6927073",
                    "6927073"
                ]
            },
            {
                "hash_id": "f199bb4c2a1355947f64f1ea04c5dc9a",
                "rev_id": 854684044,
                "editor_id": "508734",
                "time": "2018-08-13T02:43:11Z",
                "tokens": [
                    "{{",
                    "cite",
                    "web",
                    "|",
                    "url",
                    "=",
                    "https",
                    ":",
                    "/",
                    "/",
                    "www",
                    ".",
                    "cbr",
                    ".",
                    "com",
                    "/",
                    "exclusive",
                    "-",
                    "marvel",
                    "-",
                    "teaser",
                    "-",
                    "proclaims",
                    "-",
                    "the",
                    "-",
                    "end",
                    "-",
                    "of",
                    "-",
                    "the",
                    "-",
                    "ultimate",
                    "-",
                    "universe",
                    "/",
                    "|",
                    "title",
                    "=",
                    "exclusive",
                    ":",
                    "marvel",
                    "teaser",
                    "proclaims",
                    "\"",
                    "the",
                    "end",
                    "\"",
                    "of",
                    "the",
                    "ultimate",
                    "universe",
                    "|",
                    "author",
                    "=",
                    "steve",
                    "sunu",
                    "|",
                    "date",
                    "=",
                    "october",
                    "24",
                    ",",
                    "2014",
                    "|",
                    "publisher",
                    "=",
                    "cbr",
                    "|",
                    "accessdate",
                    "=",
                    "november",
                    "6",
                    ",",
                    "2017",
                    "}}"
                ],
                "token_editors": [
                    "6927073",
                    "6927073",
                    "6927073",
                    "6927073",
                    "6927073",
                    "6927073",
                    "6927073",
                    "6927073",
                    "6927073",
                    "6927073",
                    "6927073",
                    "6927073",
                    "6927073",
                    "6927073",
                    "6927073",
                    "6927073",
                    "6927073",
                    "6927073",
                    "6927073",
                    "6927073",
                    "6927073",
                    "6927073",
                    "6927073",
                    "6927073",
                    "6927073",
                    "6927073",
                    "6927073",
                    "6927073",
                    "6927073",
                    "6927073",
                    "6927073",
                    "6927073",
                    "6927073",
                    "6927073",
                    "6927073",
                    "6927073",
                    "6927073",
                    "6927073",
                    "6927073",
                    "6927073",
                    "6927073",
                    "6927073",
                    "6927073",
                    "6927073",
                    "508734",
                    "508734",
                    "6927073",
                    "508734",
                    "6927073",
                    "6927073",
                    "6927073",
                    "6927073",
                    "6927073",
                    "6927073",
                    "6927073",
                    "6927073",
                    "6927073",
                    "6927073",
                    "6927073",
                    "6927073",
                    "6927073",
                    "6927073",
                    "6927073",
                    "6927073",
                    "6927073",
                    "6927073",
                    "6927073",
                    "6927073",
                    "6927073",
                    "6927073",
                    "6927073",
                    "6927073",
                    "6927073",
                    "6927073",
                    "6927073",
                    "6927073"
                ]
            }
        ],
        "modif": [
            854684044
        ],
        "hashes": [
            "d75c79b7ab850e67051ab9332d40a784",
            "f199bb4c2a1355947f64f1ea04c5dc9a"
        ],
        "ins_time": [
            "2017-11-07T18:22:10Z"
        ],
        "del_time": []
    }
]