[
    {
        "first_rev_id": 886764695,
        "first_hash_id": "975ea82e5dcd20632b889e9067db3d8e",
        "first_editor_id": "14438949",
        "first_rev_time": "2019-03-08T11:15:26Z",
        "deleted": false,
        "ins": [
            886764695
        ],
        "ins_editor": [
            "14438949"
        ],
        "del": [],
        "del_editor": [],
        "change_sequence": [
            {
                "hash_id": "975ea82e5dcd20632b889e9067db3d8e",
                "rev_id": 886764695,
                "editor_id": "14438949",
                "time": "2019-03-08T11:15:26Z",
                "tokens": [
                    "=",
                    "\"",
                    "link",
                    "\"",
                    ">",
                    "{{",
                    "cite",
                    "magazine",
                    "|",
                    "year",
                    "=",
                    "1962",
                    "|",
                    "title",
                    "=",
                    "remake",
                    "of",
                    "a",
                    "bore",
                    "|",
                    "dead",
                    "-",
                    "url",
                    "=",
                    "no",
                    "|",
                    "magazine",
                    "=",
                    "link",
                    "|",
                    "publisher",
                    "=",
                    "united",
                    "india",
                    "periodicals",
                    "|",
                    "volume",
                    "=",
                    "4",
                    "|",
                    "issue",
                    "=",
                    "26\u221251",
                    "|",
                    "pages",
                    "=",
                    "40\u221241",
                    "}}"
                ],
                "token_editors": [
                    "14438949",
                    "14438949",
                    "14438949",
                    "14438949",
                    "14438949",
                    "14438949",
                    "14438949",
                    "14438949",
                    "14438949",
                    "14438949",
                    "14438949",
                    "14438949",
                    "14438949",
                    "14438949",
                    "14438949",
                    "14438949",
                    "14438949",
                    "14438949",
                    "14438949",
                    "14438949",
                    "14438949",
                    "14438949",
                    "14438949",
                    "14438949",
                    "14438949",
                    "14438949",
                    "14438949",
                    "14438949",
                    "14438949",
                    "14438949",
                    "14438949",
                    "14438949",
                    "14438949",
                    "14438949",
                    "14438949",
                    "14438949",
                    "14438949",
                    "14438949",
                    "14438949",
                    "14438949",
                    "14438949",
                    "14438949",
                    "14438949",
                    "14438949",
                    "14438949",
                    "14438949",
                    "14438949",
                    "14438949"
                ]
            },
            {
                "hash_id": "9a420711d954f1f832ec38b735331813",
                "rev_id": 886894974,
                "editor_id": "14438949",
                "time": "2019-03-09T06:44:49Z",
                "tokens": [
                    "=",
                    "\"",
                    "link",
                    "\"",
                    ">",
                    "{{",
                    "cite",
                    "magazine",
                    "|",
                    "year",
                    "=",
                    "1962",
                    "|",
                    "title",
                    "=",
                    "remake",
                    "of",
                    "a",
                    "bore",
                    "|",
                    "url",
                    "=",
                    "https",
                    ":",
                    "/",
                    "/",
                    "books",
                    ".",
                    "google",
                    ".",
                    "co",
                    ".",
                    "in",
                    "/",
                    "books",
                    "?",
                    "id",
                    "=",
                    "ts1waaaayaaj",
                    "&",
                    "dq",
                    "=",
                    "panithirai",
                    "&",
                    "focus",
                    "=",
                    "searchwithinvolume",
                    "&",
                    "q",
                    "=",
                    "bore",
                    "|",
                    "dead",
                    "-",
                    "url",
                    "=",
                    "no",
                    "|",
                    "magazine",
                    "=",
                    "link",
                    "|",
                    "publisher",
                    "=",
                    "united",
                    "india",
                    "periodicals",
                    "|",
                    "volume",
                    "=",
                    "4",
                    "|",
                    "issue",
                    "=",
                    "26\u221251",
                    "|",
                    "pages",
                    "=",
                    "40\u221241",
                    "}}"
                ],
                "token_editors": [
                    "14438949",
                    "14438949",
                    "14438949",
                    "14438949",
                    "14438949",
                    "14438949",
                    "14438949",
                    "14438949",
                    "14438949",
                    "14438949",
                    "14438949",
                    "14438949",
                    "14438949",
                    "14438949",
                    "14438949",
                    "14438949",
                    "14438949",
                    "14438949",
                    "14438949",
                    "14438949",
                    "14438949",
                    "14438949",
                    "14438949",
                    "14438949",
                    "14438949",
                    "14438949",
                    "14438949",
                    "14438949",
                    "14438949",
                    "14438949",
                    "14438949",
                    "14438949",
                    "14438949",
                    "14438949",
                    "14438949",
                    "14438949",
                    "14438949",
                    "14438949",
                    "14438949",
                    "14438949",
                    "14438949",
                    "14438949",
                    "14438949",
                    "14438949",
                    "14438949",
                    "14438949",
                    "14438949",
                    "14438949",
                    "14438949",
                    "14438949",
                    "14438949",
                    "14438949",
                    "14438949",
                    "14438949",
                    "14438949",
                    "14438949",
                    "14438949",
                    "14438949",
                    "14438949",
                    "14438949",
                    "14438949",
                    "14438949",
                    "14438949",
                    "14438949",
                    "14438949",
                    "14438949",
                    "14438949",
                    "14438949",
                    "14438949",
                    "14438949",
                    "14438949",
                    "14438949",
                    "14438949",
                    "14438949",
                    "14438949",
                    "14438949",
                    "14438949",
                    "14438949",
                    "14438949",
                    "14438949"
                ]
            }
        ],
        "modif": [
            886894974
        ],
        "hashes": [
            "975ea82e5dcd20632b889e9067db3d8e",
            "9a420711d954f1f832ec38b735331813"
        ],
        "ins_time": [
            "2019-03-08T11:15:26Z"
        ],
        "del_time": []
    },
    {
        "first_rev_id": 886764695,
        "first_hash_id": "702ffa025d14e7ace9d83642c83c8359",
        "first_editor_id": "14438949",
        "first_rev_time": "2019-03-08T11:15:26Z",
        "deleted": false,
        "ins": [
            886764695
        ],
        "ins_editor": [
            "14438949"
        ],
        "del": [],
        "del_editor": [],
        "change_sequence": [
            {
                "hash_id": "702ffa025d14e7ace9d83642c83c8359",
                "rev_id": 886764695,
                "editor_id": "14438949",
                "time": "2019-03-08T11:15:26Z",
                "tokens": [
                    "=",
                    "\"",
                    "bollywoodhungama",
                    "\"",
                    ">",
                    "{{",
                    "cite",
                    "web",
                    "|",
                    "url",
                    "=",
                    "https",
                    ":",
                    "/",
                    "/",
                    "www",
                    ".",
                    "bollywoodhungama",
                    ".",
                    "com",
                    "/",
                    "movie",
                    "/",
                    "ardhangini",
                    "/",
                    "cast",
                    "/",
                    "|",
                    "title",
                    "=",
                    "ardhangini",
                    "|",
                    "website",
                    "=",
                    "[[",
                    "bollywood",
                    "hungama",
                    "]]",
                    "|",
                    "archive",
                    "-",
                    "url",
                    "=",
                    "http",
                    ":",
                    "/",
                    "/",
                    "archive",
                    ".",
                    "fo",
                    "/",
                    "7jlo5",
                    "|",
                    "archive",
                    "-",
                    "date",
                    "=",
                    "8",
                    "march",
                    "2019",
                    "|",
                    "dead",
                    "-",
                    "url",
                    "=",
                    "no",
                    "|",
                    "access",
                    "-",
                    "date",
                    "=",
                    "8",
                    "march",
                    "2019",
                    "}}"
                ],
                "token_editors": [
                    "14438949",
                    "14438949",
                    "14438949",
                    "14438949",
                    "14438949",
                    "14438949",
                    "14438949",
                    "14438949",
                    "14438949",
                    "14438949",
                    "14438949",
                    "14438949",
                    "14438949",
                    "14438949",
                    "14438949",
                    "14438949",
                    "14438949",
                    "14438949",
                    "14438949",
                    "14438949",
                    "14438949",
                    "14438949",
                    "14438949",
                    "14438949",
                    "14438949",
                    "14438949",
                    "14438949",
                    "14438949",
                    "14438949",
                    "14438949",
                    "14438949",
                    "14438949",
                    "14438949",
                    "14438949",
                    "14438949",
                    "14438949",
                    "14438949",
                    "14438949",
                    "14438949",
                    "14438949",
                    "14438949",
                    "14438949",
                    "14438949",
                    "14438949",
                    "14438949",
                    "14438949",
                    "14438949",
                    "14438949",
                    "14438949",
                    "14438949",
                    "14438949",
                    "14438949",
                    "14438949",
                    "14438949",
                    "14438949",
                    "14438949",
                    "14438949",
                    "14438949",
                    "14438949",
                    "14438949",
                    "14438949",
                    "14438949",
                    "14438949",
                    "14438949",
                    "14438949",
                    "14438949",
                    "14438949",
                    "14438949",
                    "14438949",
                    "14438949",
                    "14438949",
                    "14438949",
                    "14438949",
                    "14438949",
                    "14438949"
                ]
            },
            {
                "hash_id": "769435dfa8c586cb3882509e2ab392e2",
                "rev_id": 886778588,
                "editor_id": "14438949",
                "time": "2019-03-08T13:51:45Z",
                "tokens": [
                    "=",
                    "\"",
                    "bollywoodhungama",
                    "\"",
                    ">",
                    "{{",
                    "cite",
                    "web",
                    "|",
                    "url",
                    "=",
                    "https",
                    ":",
                    "/",
                    "/",
                    "www",
                    ".",
                    "bollywoodhungama",
                    ".",
                    "com",
                    "/",
                    "movie",
                    "/",
                    "ardhangini",
                    "/",
                    "cast",
                    "/",
                    "|",
                    "title",
                    "=",
                    "ardhangini",
                    "|",
                    "website",
                    "=",
                    "[[",
                    "bollywood",
                    "hungama",
                    "]]",
                    "|",
                    "archive",
                    "-",
                    "url",
                    "=",
                    "https",
                    ":",
                    "/",
                    "/",
                    "archive",
                    ".",
                    "today",
                    "/",
                    "20190308110544",
                    "/",
                    "https",
                    ":",
                    "/",
                    "/",
                    "www",
                    ".",
                    "bollywoodhungama",
                    ".",
                    "com",
                    "/",
                    "movie",
                    "/",
                    "ardhangini",
                    "/",
                    "cast",
                    "/",
                    "|",
                    "archive",
                    "-",
                    "date",
                    "=",
                    "8",
                    "march",
                    "2019",
                    "|",
                    "dead",
                    "-",
                    "url",
                    "=",
                    "no",
                    "|",
                    "access",
                    "-",
                    "date",
                    "=",
                    "8",
                    "march",
                    "2019",
                    "|",
                    "df",
                    "=",
                    "dmy",
                    "-",
                    "all",
                    "}}"
                ],
                "token_editors": [
                    "14438949",
                    "14438949",
                    "14438949",
                    "14438949",
                    "14438949",
                    "14438949",
                    "14438949",
                    "14438949",
                    "14438949",
                    "14438949",
                    "14438949",
                    "14438949",
                    "14438949",
                    "14438949",
                    "14438949",
                    "14438949",
                    "14438949",
                    "14438949",
                    "14438949",
                    "14438949",
                    "14438949",
                    "14438949",
                    "14438949",
                    "14438949",
                    "14438949",
                    "14438949",
                    "14438949",
                    "14438949",
                    "14438949",
                    "14438949",
                    "14438949",
                    "14438949",
                    "14438949",
                    "14438949",
                    "14438949",
                    "14438949",
                    "14438949",
                    "14438949",
                    "14438949",
                    "14438949",
                    "14438949",
                    "14438949",
                    "14438949",
                    "14438949",
                    "14438949",
                    "14438949",
                    "14438949",
                    "14438949",
                    "14438949",
                    "14438949",
                    "14438949",
                    "14438949",
                    "14438949",
                    "14438949",
                    "14438949",
                    "14438949",
                    "14438949",
                    "14438949",
                    "14438949",
                    "14438949",
                    "14438949",
                    "14438949",
                    "14438949",
                    "14438949",
                    "14438949",
                    "14438949",
                    "14438949",
                    "14438949",
                    "14438949",
                    "14438949",
                    "14438949",
                    "14438949",
                    "14438949",
                    "14438949",
                    "14438949",
                    "14438949",
                    "14438949",
                    "14438949",
                    "14438949",
                    "14438949",
                    "14438949",
                    "14438949",
                    "14438949",
                    "14438949",
                    "14438949",
                    "14438949",
                    "14438949",
                    "14438949",
                    "14438949",
                    "14438949",
                    "14438949",
                    "14438949",
                    "14438949",
                    "14438949",
                    "14438949",
                    "14438949",
                    "14438949",
                    "14438949"
                ]
            },
            {
                "hash_id": "0ce46151f135a932a17fabc496b438dc",
                "rev_id": 886778860,
                "editor_id": "14438949",
                "time": "2019-03-08T13:54:11Z",
                "tokens": [
                    "=",
                    "\"",
                    "bollywoodhungama",
                    "\"",
                    ">",
                    "{{",
                    "cite",
                    "web",
                    "|",
                    "url",
                    "=",
                    "https",
                    ":",
                    "/",
                    "/",
                    "www",
                    ".",
                    "bollywoodhungama",
                    ".",
                    "com",
                    "/",
                    "movie",
                    "/",
                    "ardhangini",
                    "/",
                    "cast",
                    "/",
                    "|",
                    "title",
                    "=",
                    "ardhangini",
                    "|",
                    "website",
                    "=",
                    "[[",
                    "bollywood",
                    "hungama",
                    "]]",
                    "|",
                    "archive",
                    "-",
                    "url",
                    "=",
                    "https",
                    ":",
                    "/",
                    "/",
                    "archive",
                    ".",
                    "today",
                    "/",
                    "20190308110544",
                    "/",
                    "https",
                    ":",
                    "/",
                    "/",
                    "www",
                    ".",
                    "bollywoodhungama",
                    ".",
                    "com",
                    "/",
                    "movie",
                    "/",
                    "ardhangini",
                    "/",
                    "cast",
                    "/",
                    "|",
                    "archive",
                    "-",
                    "date",
                    "=",
                    "8",
                    "march",
                    "2019",
                    "|",
                    "dead",
                    "-",
                    "url",
                    "=",
                    "no",
                    "|",
                    "access",
                    "-",
                    "date",
                    "=",
                    "8",
                    "march",
                    "2019",
                    "}}"
                ],
                "token_editors": [
                    "14438949",
                    "14438949",
                    "14438949",
                    "14438949",
                    "14438949",
                    "14438949",
                    "14438949",
                    "14438949",
                    "14438949",
                    "14438949",
                    "14438949",
                    "14438949",
                    "14438949",
                    "14438949",
                    "14438949",
                    "14438949",
                    "14438949",
                    "14438949",
                    "14438949",
                    "14438949",
                    "14438949",
                    "14438949",
                    "14438949",
                    "14438949",
                    "14438949",
                    "14438949",
                    "14438949",
                    "14438949",
                    "14438949",
                    "14438949",
                    "14438949",
                    "14438949",
                    "14438949",
                    "14438949",
                    "14438949",
                    "14438949",
                    "14438949",
                    "14438949",
                    "14438949",
                    "14438949",
                    "14438949",
                    "14438949",
                    "14438949",
                    "14438949",
                    "14438949",
                    "14438949",
                    "14438949",
                    "14438949",
                    "14438949",
                    "14438949",
                    "14438949",
                    "14438949",
                    "14438949",
                    "14438949",
                    "14438949",
                    "14438949",
                    "14438949",
                    "14438949",
                    "14438949",
                    "14438949",
                    "14438949",
                    "14438949",
                    "14438949",
                    "14438949",
                    "14438949",
                    "14438949",
                    "14438949",
                    "14438949",
                    "14438949",
                    "14438949",
                    "14438949",
                    "14438949",
                    "14438949",
                    "14438949",
                    "14438949",
                    "14438949",
                    "14438949",
                    "14438949",
                    "14438949",
                    "14438949",
                    "14438949",
                    "14438949",
                    "14438949",
                    "14438949",
                    "14438949",
                    "14438949",
                    "14438949",
                    "14438949",
                    "14438949",
                    "14438949",
                    "14438949",
                    "14438949"
                ]
            }
        ],
        "modif": [
            886778588,
            886778860
        ],
        "hashes": [
            "702ffa025d14e7ace9d83642c83c8359",
            "769435dfa8c586cb3882509e2ab392e2",
            "0ce46151f135a932a17fabc496b438dc"
        ],
        "ins_time": [
            "2019-03-08T11:15:26Z"
        ],
        "del_time": []
    },
    {
        "first_rev_id": 886764695,
        "first_hash_id": "2c3b8dbdf8acd33effc485bab0ae5606",
        "first_editor_id": "14438949",
        "first_rev_time": "2019-03-08T11:15:26Z",
        "deleted": false,
        "ins": [
            886764695
        ],
        "ins_editor": [
            "14438949"
        ],
        "del": [],
        "del_editor": [],
        "change_sequence": [
            {
                "hash_id": "2c3b8dbdf8acd33effc485bab0ae5606",
                "rev_id": 886764695,
                "editor_id": "14438949",
                "time": "2019-03-08T11:15:26Z",
                "tokens": [
                    "{{",
                    "cite",
                    "web",
                    "|",
                    "url",
                    "=",
                    "https",
                    ":",
                    "/",
                    "/",
                    "www",
                    ".",
                    "jiosaavn",
                    ".",
                    "com",
                    "/",
                    "album",
                    "/",
                    "ardhangini",
                    "/",
                    ",",
                    "i2cqog3rdm",
                    "_",
                    "|",
                    "title",
                    "=",
                    "ardhangini",
                    "|",
                    "website",
                    "=",
                    "[[",
                    "jiosaavn",
                    "]]",
                    "|",
                    "access",
                    "-",
                    "date",
                    "=",
                    "8",
                    "march",
                    "2019",
                    "}}"
                ],
                "token_editors": [
                    "14438949",
                    "14438949",
                    "14438949",
                    "14438949",
                    "14438949",
                    "14438949",
                    "14438949",
                    "14438949",
                    "14438949",
                    "14438949",
                    "14438949",
                    "14438949",
                    "14438949",
                    "14438949",
                    "14438949",
                    "14438949",
                    "14438949",
                    "14438949",
                    "14438949",
                    "14438949",
                    "14438949",
                    "14438949",
                    "14438949",
                    "14438949",
                    "14438949",
                    "14438949",
                    "14438949",
                    "14438949",
                    "14438949",
                    "14438949",
                    "14438949",
                    "14438949",
                    "14438949",
                    "14438949",
                    "14438949",
                    "14438949",
                    "14438949",
                    "14438949",
                    "14438949",
                    "14438949",
                    "14438949",
                    "14438949"
                ]
            },
            {
                "hash_id": "28bde488111da01a26e895ab5682902e",
                "rev_id": 886778860,
                "editor_id": "14438949",
                "time": "2019-03-08T13:54:11Z",
                "tokens": [
                    "{{",
                    "cite",
                    "web",
                    "|",
                    "url",
                    "=",
                    "https",
                    ":",
                    "/",
                    "/",
                    "www",
                    ".",
                    "jiosaavn",
                    ".",
                    "com",
                    "/",
                    "album",
                    "/",
                    "ardhangini",
                    "/",
                    ",",
                    "i2cqog3rdm",
                    "_",
                    "|",
                    "title",
                    "=",
                    "ardhangini",
                    "|",
                    "website",
                    "=",
                    "[[",
                    "jiosaavn",
                    "]]",
                    "|",
                    "archive",
                    "-",
                    "url",
                    "=",
                    "http",
                    ":",
                    "/",
                    "/",
                    "web",
                    ".",
                    "archive",
                    ".",
                    "org",
                    "/",
                    "web",
                    "/",
                    "20190308135144",
                    "/",
                    "https",
                    ":",
                    "/",
                    "/",
                    "www",
                    ".",
                    "jiosaavn",
                    ".",
                    "com",
                    "/",
                    "album",
                    "/",
                    "ardhangini",
                    "/",
                    ",",
                    "i2cqog3rdm",
                    "_",
                    "|",
                    "archive",
                    "-",
                    "date",
                    "=",
                    "8",
                    "march",
                    "2019",
                    "|",
                    "dead",
                    "-",
                    "url",
                    "=",
                    "no",
                    "|",
                    "access",
                    "-",
                    "date",
                    "=",
                    "8",
                    "march",
                    "2019",
                    "}}"
                ],
                "token_editors": [
                    "14438949",
                    "14438949",
                    "14438949",
                    "14438949",
                    "14438949",
                    "14438949",
                    "14438949",
                    "14438949",
                    "14438949",
                    "14438949",
                    "14438949",
                    "14438949",
                    "14438949",
                    "14438949",
                    "14438949",
                    "14438949",
                    "14438949",
                    "14438949",
                    "14438949",
                    "14438949",
                    "14438949",
                    "14438949",
                    "14438949",
                    "14438949",
                    "14438949",
                    "14438949",
                    "14438949",
                    "14438949",
                    "14438949",
                    "14438949",
                    "14438949",
                    "14438949",
                    "14438949",
                    "14438949",
                    "14438949",
                    "14438949",
                    "14438949",
                    "14438949",
                    "14438949",
                    "14438949",
                    "14438949",
                    "14438949",
                    "14438949",
                    "14438949",
                    "14438949",
                    "14438949",
                    "14438949",
                    "14438949",
                    "14438949",
                    "14438949",
                    "14438949",
                    "14438949",
                    "14438949",
                    "14438949",
                    "14438949",
                    "14438949",
                    "14438949",
                    "14438949",
                    "14438949",
                    "14438949",
                    "14438949",
                    "14438949",
                    "14438949",
                    "14438949",
                    "14438949",
                    "14438949",
                    "14438949",
                    "14438949",
                    "14438949",
                    "14438949",
                    "14438949",
                    "14438949",
                    "14438949",
                    "14438949",
                    "14438949",
                    "14438949",
                    "14438949",
                    "14438949",
                    "14438949",
                    "14438949",
                    "14438949",
                    "14438949",
                    "14438949",
                    "14438949",
                    "14438949",
                    "14438949",
                    "14438949",
                    "14438949",
                    "14438949",
                    "14438949",
                    "14438949",
                    "14438949"
                ]
            },
            {
                "hash_id": "2a8a361b7c985de85941d33bd2b807b6",
                "rev_id": 886779113,
                "editor_id": "14438949",
                "time": "2019-03-08T13:56:27Z",
                "tokens": [
                    "{{",
                    "cite",
                    "web",
                    "|",
                    "url",
                    "=",
                    "https",
                    ":",
                    "/",
                    "/",
                    "www",
                    ".",
                    "jiosaavn",
                    ".",
                    "com",
                    "/",
                    "album",
                    "/",
                    "ardhangini",
                    "/",
                    ",",
                    "i2cqog3rdm",
                    "_",
                    "|",
                    "title",
                    "=",
                    "ardhangini",
                    "|",
                    "website",
                    "=",
                    "[[",
                    "jiosaavn",
                    "]]",
                    "|",
                    "archive",
                    "-",
                    "url",
                    "=",
                    "https",
                    ":",
                    "/",
                    "/",
                    "web",
                    ".",
                    "archive",
                    ".",
                    "org",
                    "/",
                    "web",
                    "/",
                    "20190308135453",
                    "/",
                    "https",
                    ":",
                    "/",
                    "/",
                    "www",
                    ".",
                    "jiosaavn",
                    ".",
                    "com",
                    "/",
                    "album",
                    "/",
                    "ardhangini",
                    "/",
                    ",",
                    "i2cqog3rdm",
                    "_",
                    "|",
                    "archive",
                    "-",
                    "date",
                    "=",
                    "8",
                    "march",
                    "2019",
                    "|",
                    "dead",
                    "-",
                    "url",
                    "=",
                    "no",
                    "|",
                    "access",
                    "-",
                    "date",
                    "=",
                    "8",
                    "march",
                    "2019",
                    "}}"
                ],
                "token_editors": [
                    "14438949",
                    "14438949",
                    "14438949",
                    "14438949",
                    "14438949",
                    "14438949",
                    "14438949",
                    "14438949",
                    "14438949",
                    "14438949",
                    "14438949",
                    "14438949",
                    "14438949",
                    "14438949",
                    "14438949",
                    "14438949",
                    "14438949",
                    "14438949",
                    "14438949",
                    "14438949",
                    "14438949",
                    "14438949",
                    "14438949",
                    "14438949",
                    "14438949",
                    "14438949",
                    "14438949",
                    "14438949",
                    "14438949",
                    "14438949",
                    "14438949",
                    "14438949",
                    "14438949",
                    "14438949",
                    "14438949",
                    "14438949",
                    "14438949",
                    "14438949",
                    "14438949",
                    "14438949",
                    "14438949",
                    "14438949",
                    "14438949",
                    "14438949",
                    "14438949",
                    "14438949",
                    "14438949",
                    "14438949",
                    "14438949",
                    "14438949",
                    "14438949",
                    "14438949",
                    "14438949",
                    "14438949",
                    "14438949",
                    "14438949",
                    "14438949",
                    "14438949",
                    "14438949",
                    "14438949",
                    "14438949",
                    "14438949",
                    "14438949",
                    "14438949",
                    "14438949",
                    "14438949",
                    "14438949",
                    "14438949",
                    "14438949",
                    "14438949",
                    "14438949",
                    "14438949",
                    "14438949",
                    "14438949",
                    "14438949",
                    "14438949",
                    "14438949",
                    "14438949",
                    "14438949",
                    "14438949",
                    "14438949",
                    "14438949",
                    "14438949",
                    "14438949",
                    "14438949",
                    "14438949",
                    "14438949",
                    "14438949",
                    "14438949",
                    "14438949",
                    "14438949",
                    "14438949"
                ]
            }
        ],
        "modif": [
            886778860,
            886779113
        ],
        "hashes": [
            "2c3b8dbdf8acd33effc485bab0ae5606",
            "28bde488111da01a26e895ab5682902e",
            "2a8a361b7c985de85941d33bd2b807b6"
        ],
        "ins_time": [
            "2019-03-08T11:15:26Z"
        ],
        "del_time": []
    },
    {
        "first_rev_id": 890720655,
        "first_hash_id": "1428d5fd3dc0d6e07100fff26580d4ae",
        "first_editor_id": "31537123",
        "first_rev_time": "2019-04-03T03:26:55Z",
        "deleted": false,
        "ins": [
            890720655
        ],
        "ins_editor": [
            "31537123"
        ],
        "del": [],
        "del_editor": [],
        "change_sequence": [
            {
                "hash_id": "1428d5fd3dc0d6e07100fff26580d4ae",
                "rev_id": 890720655,
                "editor_id": "31537123",
                "time": "2019-04-03T03:26:55Z",
                "tokens": [
                    "=",
                    "\"",
                    "release",
                    "date",
                    "\"",
                    ">",
                    "{{",
                    "cite",
                    "web",
                    "|",
                    "title",
                    "=",
                    "ardhangini",
                    "|",
                    "website",
                    "=",
                    "times",
                    "of",
                    "india",
                    "|",
                    "url",
                    "=",
                    "https",
                    ":",
                    "/",
                    "/",
                    "m",
                    ".",
                    "timesofindia",
                    ".",
                    "com",
                    "/",
                    "entertainment",
                    "/",
                    "english",
                    "/",
                    "movie",
                    "-",
                    "details",
                    "/",
                    "ardhangini",
                    "/",
                    "movieshow",
                    "/",
                    "61330605",
                    ".",
                    "cms",
                    "|",
                    "accessdate",
                    "=",
                    "2017",
                    "-",
                    "10",
                    "-",
                    "30",
                    "}}"
                ],
                "token_editors": [
                    "31537123",
                    "31537123",
                    "31537123",
                    "31537123",
                    "31537123",
                    "31537123",
                    "31537123",
                    "31537123",
                    "31537123",
                    "31537123",
                    "31537123",
                    "31537123",
                    "31537123",
                    "31537123",
                    "31537123",
                    "31537123",
                    "31537123",
                    "31537123",
                    "31537123",
                    "31537123",
                    "31537123",
                    "31537123",
                    "31537123",
                    "31537123",
                    "14438949",
                    "31537123",
                    "31537123",
                    "31537123",
                    "31537123",
                    "31537123",
                    "31537123",
                    "31537123",
                    "31537123",
                    "31537123",
                    "31537123",
                    "31537123",
                    "31537123",
                    "31537123",
                    "31537123",
                    "31537123",
                    "31537123",
                    "31537123",
                    "31537123",
                    "31537123",
                    "31537123",
                    "31537123",
                    "31537123",
                    "14438949",
                    "31537123",
                    "31537123",
                    "31537123",
                    "31537123",
                    "31537123",
                    "31537123",
                    "31537123",
                    "14438949"
                ]
            },
            {
                "hash_id": "0d03c001c6884db09667124027588e86",
                "rev_id": 890723917,
                "editor_id": "14438949",
                "time": "2019-04-03T03:59:27Z",
                "tokens": [
                    "=",
                    "\"",
                    "release",
                    "date",
                    "\"",
                    ">",
                    "{{",
                    "cite",
                    "web",
                    "|",
                    "url",
                    "=",
                    "https",
                    ":",
                    "/",
                    "/",
                    "timesofindia",
                    ".",
                    "indiatimes",
                    ".",
                    "com",
                    "/",
                    "entertainment",
                    "/",
                    "english",
                    "/",
                    "movie",
                    "-",
                    "details",
                    "/",
                    "ardhangini",
                    "/",
                    "movieshow",
                    "/",
                    "61330605",
                    ".",
                    "cms",
                    "|",
                    "title",
                    "=",
                    "ardhangini",
                    "|",
                    "website",
                    "=",
                    "[[",
                    "the",
                    "times",
                    "of",
                    "india",
                    "]]",
                    "|",
                    "access",
                    "-",
                    "date",
                    "=",
                    "3",
                    "april",
                    "2019",
                    "}}"
                ],
                "token_editors": [
                    "31537123",
                    "31537123",
                    "31537123",
                    "31537123",
                    "31537123",
                    "31537123",
                    "31537123",
                    "31537123",
                    "31537123",
                    "31537123",
                    "31537123",
                    "31537123",
                    "31537123",
                    "31537123",
                    "14438949",
                    "31537123",
                    "14438949",
                    "31537123",
                    "14438949",
                    "31537123",
                    "31537123",
                    "31537123",
                    "31537123",
                    "31537123",
                    "31537123",
                    "31537123",
                    "31537123",
                    "31537123",
                    "31537123",
                    "31537123",
                    "31537123",
                    "31537123",
                    "31537123",
                    "31537123",
                    "31537123",
                    "31537123",
                    "31537123",
                    "14438949",
                    "14438949",
                    "31537123",
                    "14438949",
                    "14438949",
                    "14438949",
                    "14438949",
                    "14438949",
                    "14438949",
                    "14438949",
                    "14438949",
                    "14438949",
                    "14438949",
                    "14438949",
                    "14438949",
                    "31537123",
                    "14438949",
                    "14438949",
                    "14438949",
                    "14438949",
                    "14438949",
                    "14438949"
                ]
            }
        ],
        "modif": [
            890723917
        ],
        "hashes": [
            "1428d5fd3dc0d6e07100fff26580d4ae",
            "0d03c001c6884db09667124027588e86"
        ],
        "ins_time": [
            "2019-04-03T03:26:55Z"
        ],
        "del_time": []
    }
]