[
    {
        "first_rev_id": 232712111,
        "first_hash_id": "8318280b2f62f4ac00ee53a6e339418c",
        "first_editor_id": "5864500",
        "first_rev_time": "2008-08-18T16:11:57Z",
        "deleted": false,
        "ins": [
            232712111,
            314353407,
            487699453,
            726562472
        ],
        "ins_editor": [
            "5864500",
            "8069429",
            "4858030",
            "16283967"
        ],
        "del": [
            299518317,
            487537950,
            713683000
        ],
        "del_editor": [
            "7828936",
            "10859973",
            "16283967"
        ],
        "change_sequence": [
            {
                "hash_id": "8318280b2f62f4ac00ee53a6e339418c",
                "rev_id": 232712111,
                "editor_id": "5864500",
                "time": "2008-08-18T16:11:57Z",
                "tokens": [
                    "james",
                    "pettifer",
                    "and",
                    "miranda",
                    "vickers",
                    "[",
                    "http",
                    ":",
                    "/",
                    "/",
                    "http",
                    ":",
                    "/",
                    "/",
                    "209",
                    ".",
                    "85",
                    ".",
                    "135",
                    ".",
                    "104",
                    "/",
                    "search",
                    "?",
                    "q",
                    "=",
                    "cache",
                    ":",
                    "pvizmx8bamyj",
                    ":",
                    "www",
                    ".",
                    "da",
                    ".",
                    "mod",
                    ".",
                    "uk",
                    "/",
                    "colleges",
                    "/",
                    "arag",
                    "/",
                    "document",
                    "-",
                    "listings",
                    "/",
                    "balkan",
                    "/",
                    "07",
                    "(",
                    "01",
                    ")",
                    "mv",
                    ".",
                    "pdf",
                    "+",
                    "the",
                    "+",
                    "challenge",
                    "+",
                    "to",
                    "+",
                    "preserve",
                    "+",
                    "the",
                    "+",
                    "cham",
                    "+",
                    "heritage",
                    "&",
                    "hl",
                    "=",
                    "en",
                    "&",
                    "ct",
                    "=",
                    "clnk",
                    "&",
                    "cd",
                    "=",
                    "3",
                    "]"
                ],
                "token_editors": [
                    "5864500",
                    "5864500",
                    "5864500",
                    "5864500",
                    "5864500",
                    "5864500",
                    "5864500",
                    "5864500",
                    "5864500",
                    "5864500",
                    "5864500",
                    "5864500",
                    "5864500",
                    "5864500",
                    "5864500",
                    "5864500",
                    "5864500",
                    "5864500",
                    "5864500",
                    "5864500",
                    "5864500",
                    "5864500",
                    "5864500",
                    "5864500",
                    "5864500",
                    "5864500",
                    "5864500",
                    "5864500",
                    "5864500",
                    "5864500",
                    "5864500",
                    "5864500",
                    "5864500",
                    "5864500",
                    "5864500",
                    "5864500",
                    "5864500",
                    "5864500",
                    "5864500",
                    "5864500",
                    "5864500",
                    "5864500",
                    "5864500",
                    "5864500",
                    "5864500",
                    "5864500",
                    "5864500",
                    "5864500",
                    "5864500",
                    "5864500",
                    "5864500",
                    "5864500",
                    "5864500",
                    "5864500",
                    "5864500",
                    "5864500",
                    "5864500",
                    "5864500",
                    "5864500",
                    "5864500",
                    "5864500",
                    "5864500",
                    "5864500",
                    "5864500",
                    "5864500",
                    "5864500",
                    "5864500",
                    "5864500",
                    "5864500",
                    "5864500",
                    "5864500",
                    "5864500",
                    "5864500",
                    "5864500",
                    "5864500",
                    "5864500",
                    "5864500",
                    "5864500",
                    "5864500",
                    "5864500",
                    "5864500",
                    "5864500"
                ]
            },
            {
                "hash_id": "cb523d85688d75746f1924d60476d6ee",
                "rev_id": 567616892,
                "editor_id": "17538700",
                "time": "2013-08-08T01:15:34Z",
                "tokens": [
                    "[",
                    "http",
                    ":",
                    "/",
                    "/",
                    "webcache",
                    ".",
                    "googleusercontent",
                    ".",
                    "com",
                    "/",
                    "search",
                    "?",
                    "q",
                    "=",
                    "cache",
                    ":",
                    "pvizmx8bamyj",
                    ":",
                    "www",
                    ".",
                    "da",
                    ".",
                    "mod",
                    ".",
                    "uk",
                    "/",
                    "colleges",
                    "/",
                    "arag",
                    "/",
                    "document",
                    "-",
                    "listings",
                    "/",
                    "balkan",
                    "/",
                    "07",
                    "(",
                    "01",
                    ")",
                    "mv",
                    ".",
                    "pdf",
                    "+",
                    "the",
                    "+",
                    "challenge",
                    "+",
                    "to",
                    "+",
                    "preserve",
                    "+",
                    "the",
                    "+",
                    "cham",
                    "+",
                    "heritage",
                    "&",
                    "hl",
                    "=",
                    "en",
                    "&",
                    "ct",
                    "=",
                    "clnk",
                    "&",
                    "cd",
                    "=",
                    "3",
                    "james",
                    "pettifer",
                    "and",
                    "miranda",
                    "vickers",
                    "]"
                ],
                "token_editors": [
                    "5864500",
                    "5864500",
                    "5864500",
                    "5864500",
                    "5864500",
                    "17538700",
                    "5864500",
                    "17538700",
                    "5864500",
                    "17538700",
                    "5864500",
                    "5864500",
                    "5864500",
                    "5864500",
                    "5864500",
                    "5864500",
                    "5864500",
                    "5864500",
                    "5864500",
                    "5864500",
                    "5864500",
                    "5864500",
                    "5864500",
                    "5864500",
                    "5864500",
                    "5864500",
                    "5864500",
                    "5864500",
                    "5864500",
                    "5864500",
                    "5864500",
                    "5864500",
                    "5864500",
                    "5864500",
                    "5864500",
                    "5864500",
                    "5864500",
                    "5864500",
                    "5864500",
                    "5864500",
                    "5864500",
                    "5864500",
                    "5864500",
                    "5864500",
                    "5864500",
                    "5864500",
                    "5864500",
                    "5864500",
                    "5864500",
                    "5864500",
                    "5864500",
                    "5864500",
                    "5864500",
                    "5864500",
                    "5864500",
                    "5864500",
                    "5864500",
                    "5864500",
                    "5864500",
                    "5864500",
                    "5864500",
                    "5864500",
                    "5864500",
                    "5864500",
                    "5864500",
                    "5864500",
                    "5864500",
                    "5864500",
                    "5864500",
                    "5864500",
                    "96340",
                    "96340",
                    "96340",
                    "96340",
                    "96340",
                    "5864500"
                ]
            },
            {
                "hash_id": "64aa8991ec0969934c7ba0a53577b52a",
                "rev_id": 569026897,
                "editor_id": "17538700",
                "time": "2013-08-18T03:47:32Z",
                "tokens": [
                    "[",
                    "http",
                    ":",
                    "/",
                    "/",
                    "archive",
                    ".",
                    "is",
                    "/",
                    "20121209175153",
                    "/",
                    "http",
                    ":",
                    "/",
                    "/",
                    "www",
                    ".",
                    "da",
                    ".",
                    "mod",
                    ".",
                    "uk",
                    "/",
                    "colleges",
                    "/",
                    "arag",
                    "/",
                    "document",
                    "-",
                    "listings",
                    "/",
                    "balkan",
                    "/",
                    "07",
                    "(",
                    "01",
                    ")",
                    "mv",
                    ".",
                    "pdf",
                    "james",
                    "pettifer",
                    "and",
                    "miranda",
                    "vickers",
                    "]"
                ],
                "token_editors": [
                    "5864500",
                    "5864500",
                    "5864500",
                    "5864500",
                    "5864500",
                    "17538700",
                    "5864500",
                    "17538700",
                    "5864500",
                    "17538700",
                    "17538700",
                    "17538700",
                    "5864500",
                    "17538700",
                    "17538700",
                    "5864500",
                    "5864500",
                    "5864500",
                    "5864500",
                    "5864500",
                    "5864500",
                    "5864500",
                    "5864500",
                    "5864500",
                    "5864500",
                    "5864500",
                    "5864500",
                    "5864500",
                    "5864500",
                    "5864500",
                    "5864500",
                    "5864500",
                    "5864500",
                    "5864500",
                    "5864500",
                    "5864500",
                    "5864500",
                    "5864500",
                    "5864500",
                    "5864500",
                    "96340",
                    "96340",
                    "96340",
                    "96340",
                    "96340",
                    "5864500"
                ]
            },
            {
                "hash_id": "c3927f4883e9563424cfc5c83376a597",
                "rev_id": 799458335,
                "editor_id": "31691822",
                "time": "2017-09-07T21:09:11Z",
                "tokens": [
                    "[",
                    "https",
                    ":",
                    "/",
                    "/",
                    "archive",
                    ".",
                    "is",
                    "/",
                    "20121209175153",
                    "/",
                    "http",
                    ":",
                    "/",
                    "/",
                    "www",
                    ".",
                    "da",
                    ".",
                    "mod",
                    ".",
                    "uk",
                    "/",
                    "colleges",
                    "/",
                    "arag",
                    "/",
                    "document",
                    "-",
                    "listings",
                    "/",
                    "balkan",
                    "/",
                    "07",
                    "(",
                    "01",
                    ")",
                    "mv",
                    ".",
                    "pdf",
                    "james",
                    "pettifer",
                    "and",
                    "miranda",
                    "vickers",
                    "]"
                ],
                "token_editors": [
                    "96340",
                    "31691822",
                    "5864500",
                    "5864500",
                    "5864500",
                    "17538700",
                    "5864500",
                    "17538700",
                    "5864500",
                    "17538700",
                    "17538700",
                    "17538700",
                    "5864500",
                    "17538700",
                    "17538700",
                    "5864500",
                    "5864500",
                    "5864500",
                    "5864500",
                    "5864500",
                    "5864500",
                    "5864500",
                    "5864500",
                    "5864500",
                    "5864500",
                    "5864500",
                    "5864500",
                    "5864500",
                    "5864500",
                    "5864500",
                    "5864500",
                    "5864500",
                    "5864500",
                    "5864500",
                    "5864500",
                    "5864500",
                    "5864500",
                    "5864500",
                    "5864500",
                    "5864500",
                    "96340",
                    "96340",
                    "96340",
                    "96340",
                    "96340",
                    "5864500"
                ]
            }
        ],
        "modif": [
            567616892,
            569026897,
            799458335
        ],
        "hashes": [
            "8318280b2f62f4ac00ee53a6e339418c",
            "77218fd7d79495822c064be67629cfbf",
            "450dc037fa67a15252e1f07f440db2cd",
            "cb523d85688d75746f1924d60476d6ee",
            "64aa8991ec0969934c7ba0a53577b52a",
            "6124135c9d87c9804658337467a6ab80",
            "c3927f4883e9563424cfc5c83376a597"
        ],
        "ins_time": [
            "2008-08-18T16:11:57Z",
            "2009-09-16T15:08:22Z",
            "2012-04-16T17:43:06Z",
            "2016-06-22T23:49:02Z"
        ],
        "del_time": [
            "2009-06-30T15:12:31Z",
            "2012-04-15T18:12:29Z",
            "2016-04-05T11:31:01Z"
        ]
    },
    {
        "first_rev_id": 235169581,
        "first_hash_id": "f5d92976255669ba33b12ba8d42c3297",
        "first_editor_id": "5864500",
        "first_rev_time": "2008-08-30T12:14:54Z",
        "deleted": false,
        "ins": [
            235169581,
            314353407,
            487699453
        ],
        "ins_editor": [
            "5864500",
            "8069429",
            "4858030"
        ],
        "del": [
            299518317,
            487537950
        ],
        "del_editor": [
            "7828936",
            "10859973"
        ],
        "change_sequence": [
            {
                "hash_id": "f5d92976255669ba33b12ba8d42c3297",
                "rev_id": 235169581,
                "editor_id": "5864500",
                "time": "2008-08-30T12:14:54Z",
                "tokens": [
                    "[",
                    "parapotamos",
                    ".",
                    "gr",
                    "]"
                ],
                "token_editors": [
                    "5864500",
                    "5864500",
                    "5864500",
                    "5864500",
                    "5864500"
                ]
            },
            {
                "hash_id": "c2a18c95b7b8f4a085c2543bd2cf27bb",
                "rev_id": 241984765,
                "editor_id": "5864500",
                "time": "2008-09-30T10:58:53Z",
                "tokens": [
                    "[",
                    "http",
                    ":",
                    "/",
                    "/",
                    "www",
                    ".",
                    "parapotamos",
                    ".",
                    "gr",
                    "official",
                    "site",
                    "of",
                    "parapotamos",
                    "municipality",
                    "]"
                ],
                "token_editors": [
                    "5864500",
                    "5864500",
                    "5864500",
                    "5864500",
                    "5864500",
                    "5864500",
                    "5864500",
                    "5864500",
                    "5864500",
                    "5864500",
                    "5864500",
                    "5864500",
                    "5864500",
                    "5864500",
                    "5864500",
                    "5864500"
                ]
            },
            {
                "hash_id": "b738c49bca2319da9e661431484fc94e",
                "rev_id": 816785215,
                "editor_id": "27015025",
                "time": "2017-12-23T17:50:32Z",
                "tokens": [
                    "[",
                    "http",
                    ":",
                    "/",
                    "/",
                    "www",
                    ".",
                    "parapotamos",
                    ".",
                    "gr",
                    "official",
                    "site",
                    "of",
                    "parapotamos",
                    "municipality",
                    "]",
                    "{{",
                    "webarchive",
                    "|",
                    "url",
                    "=",
                    "https",
                    ":",
                    "/",
                    "/",
                    "web",
                    ".",
                    "archive",
                    ".",
                    "org",
                    "/",
                    "web",
                    "/",
                    "20090518142255",
                    "/",
                    "http",
                    ":",
                    "/",
                    "/",
                    "www",
                    ".",
                    "parapotamos",
                    ".",
                    "gr",
                    "/",
                    "|",
                    "date",
                    "=",
                    "2009",
                    "-",
                    "05",
                    "-",
                    "18",
                    "}}"
                ],
                "token_editors": [
                    "96340",
                    "5864500",
                    "5864500",
                    "5864500",
                    "5864500",
                    "5864500",
                    "5864500",
                    "5864500",
                    "5864500",
                    "5864500",
                    "5864500",
                    "5864500",
                    "5864500",
                    "5864500",
                    "5864500",
                    "5864500",
                    "27015025",
                    "27015025",
                    "27015025",
                    "27015025",
                    "27015025",
                    "27015025",
                    "27015025",
                    "27015025",
                    "27015025",
                    "27015025",
                    "27015025",
                    "27015025",
                    "27015025",
                    "27015025",
                    "27015025",
                    "27015025",
                    "27015025",
                    "27015025",
                    "27015025",
                    "27015025",
                    "27015025",
                    "27015025",
                    "27015025",
                    "27015025",
                    "27015025",
                    "27015025",
                    "27015025",
                    "27015025",
                    "27015025",
                    "27015025",
                    "27015025",
                    "27015025",
                    "27015025",
                    "27015025",
                    "27015025",
                    "27015025",
                    "27015025",
                    "27015025"
                ]
            }
        ],
        "modif": [
            241984765,
            816785215
        ],
        "hashes": [
            "f5d92976255669ba33b12ba8d42c3297",
            "c2a18c95b7b8f4a085c2543bd2cf27bb",
            "8f7c3ad84e34dea9fdb10fc24987dfce",
            "1c06b8dea0350e4b55abadbb9ab52b3f",
            "b738c49bca2319da9e661431484fc94e"
        ],
        "ins_time": [
            "2008-08-30T12:14:54Z",
            "2009-09-16T15:08:22Z",
            "2012-04-16T17:43:06Z"
        ],
        "del_time": [
            "2009-06-30T15:12:31Z",
            "2012-04-15T18:12:29Z"
        ]
    },
    {
        "first_rev_id": 424574487,
        "first_hash_id": "0c6b2c6ab329d24acf51d29cad6fadb1",
        "first_editor_id": "96340",
        "first_rev_time": "2011-04-17T20:12:17Z",
        "deleted": false,
        "ins": [
            424574487
        ],
        "ins_editor": [
            "96340"
        ],
        "del": [],
        "del_editor": [],
        "change_sequence": [
            {
                "hash_id": "0c6b2c6ab329d24acf51d29cad6fadb1",
                "rev_id": 424574487,
                "editor_id": "96340",
                "time": "2011-04-17T20:12:17Z",
                "tokens": [
                    "=",
                    "kallikratis",
                    ">",
                    "[",
                    "http",
                    ":",
                    "/",
                    "/",
                    "www",
                    ".",
                    "kedke",
                    ".",
                    "gr",
                    "/",
                    "uploads2010",
                    "/",
                    "fekb129211082010",
                    "_",
                    "kallikratis",
                    ".",
                    "pdf",
                    "kallikratis",
                    "law",
                    "]",
                    "greece",
                    "ministry",
                    "of",
                    "interior",
                    "{{",
                    "el",
                    "icon",
                    "}}"
                ],
                "token_editors": [
                    "96340",
                    "96340",
                    "96340",
                    "96340",
                    "96340",
                    "96340",
                    "96340",
                    "96340",
                    "96340",
                    "96340",
                    "96340",
                    "96340",
                    "96340",
                    "96340",
                    "96340",
                    "96340",
                    "96340",
                    "96340",
                    "96340",
                    "96340",
                    "96340",
                    "96340",
                    "96340",
                    "96340",
                    "96340",
                    "96340",
                    "96340",
                    "96340",
                    "96340",
                    "96340",
                    "96340",
                    "96340"
                ]
            }
        ],
        "modif": [],
        "hashes": [
            "0c6b2c6ab329d24acf51d29cad6fadb1"
        ],
        "ins_time": [
            "2011-04-17T20:12:17Z"
        ],
        "del_time": []
    },
    {
        "first_rev_id": 713683000,
        "first_hash_id": "f87ced5a96e5b0dcd7e2638ea710e853",
        "first_editor_id": "16283967",
        "first_rev_time": "2016-04-05T11:31:01Z",
        "deleted": true,
        "ins": [
            713683000
        ],
        "ins_editor": [
            "16283967"
        ],
        "del": [
            726562472
        ],
        "del_editor": [
            "16283967"
        ],
        "change_sequence": [
            {
                "hash_id": "f87ced5a96e5b0dcd7e2638ea710e853",
                "rev_id": 713683000,
                "editor_id": "16283967",
                "time": "2016-04-05T11:31:01Z",
                "tokens": [
                    "[",
                    "http",
                    ":",
                    "/",
                    "/",
                    "archive",
                    ".",
                    "is",
                    "/",
                    "20121209175153",
                    "/",
                    "http",
                    ":",
                    "/",
                    "/",
                    "www",
                    ".",
                    "da",
                    ".",
                    "mod",
                    ".",
                    "uk",
                    "/",
                    "colleges",
                    "/",
                    "arag",
                    "/",
                    "document",
                    "-",
                    "listings",
                    "/",
                    "balkan",
                    "/",
                    "07",
                    "(",
                    "01",
                    ")",
                    "mv",
                    ".",
                    "pdf",
                    "james",
                    "pettifer",
                    "and",
                    "miranda",
                    "vickers",
                    "]"
                ],
                "token_editors": [
                    "5864500",
                    "16283967",
                    "16283967",
                    "16283967",
                    "16283967",
                    "16283967",
                    "16283967",
                    "16283967",
                    "16283967",
                    "16283967",
                    "16283967",
                    "16283967",
                    "16283967",
                    "16283967",
                    "16283967",
                    "16283967",
                    "16283967",
                    "16283967",
                    "16283967",
                    "16283967",
                    "16283967",
                    "16283967",
                    "16283967",
                    "16283967",
                    "16283967",
                    "16283967",
                    "16283967",
                    "16283967",
                    "16283967",
                    "16283967",
                    "16283967",
                    "16283967",
                    "16283967",
                    "16283967",
                    "16283967",
                    "16283967",
                    "16283967",
                    "16283967",
                    "16283967",
                    "16283967",
                    "96340",
                    "96340",
                    "96340",
                    "96340",
                    "96340",
                    "5864500"
                ]
            }
        ],
        "modif": [],
        "hashes": [
            "f87ced5a96e5b0dcd7e2638ea710e853"
        ],
        "ins_time": [
            "2016-04-05T11:31:01Z"
        ],
        "del_time": [
            "2016-06-22T23:49:02Z"
        ]
    },
    {
        "first_rev_id": 750030687,
        "first_hash_id": "a5c004e2a15f8fc11cd5beb8a32a3283",
        "first_editor_id": "96340",
        "first_rev_time": "2016-11-17T13:11:10Z",
        "deleted": false,
        "ins": [
            750030687
        ],
        "ins_editor": [
            "96340"
        ],
        "del": [],
        "del_editor": [],
        "change_sequence": [
            {
                "hash_id": "a5c004e2a15f8fc11cd5beb8a32a3283",
                "rev_id": 750030687,
                "editor_id": "96340",
                "time": "2016-11-17T13:11:10Z",
                "tokens": [
                    "=",
                    "stat01",
                    ">",
                    "{{",
                    "cite",
                    "web",
                    "|",
                    "url",
                    "=",
                    "http",
                    ":",
                    "/",
                    "/",
                    "dlib",
                    ".",
                    "statistics",
                    ".",
                    "gr",
                    "/",
                    "book",
                    "/",
                    "gresye",
                    "_",
                    "02",
                    "_",
                    "0101",
                    "_",
                    "00098",
                    "%",
                    "20",
                    ".",
                    "pdf",
                    "|",
                    "publisher",
                    "=",
                    "national",
                    "statistical",
                    "service",
                    "of",
                    "greece",
                    "|",
                    "title",
                    "=",
                    "population",
                    "&",
                    "housing",
                    "census",
                    "2001",
                    "(",
                    "incl",
                    ".",
                    "area",
                    "and",
                    "average",
                    "elevation",
                    ")",
                    "|",
                    "language",
                    "=",
                    "el",
                    "}}"
                ],
                "token_editors": [
                    "96340",
                    "96340",
                    "96340",
                    "96340",
                    "96340",
                    "96340",
                    "96340",
                    "96340",
                    "96340",
                    "96340",
                    "96340",
                    "96340",
                    "96340",
                    "96340",
                    "96340",
                    "96340",
                    "96340",
                    "96340",
                    "96340",
                    "96340",
                    "96340",
                    "96340",
                    "96340",
                    "96340",
                    "96340",
                    "96340",
                    "96340",
                    "96340",
                    "96340",
                    "96340",
                    "96340",
                    "96340",
                    "96340",
                    "96340",
                    "96340",
                    "96340",
                    "96340",
                    "96340",
                    "96340",
                    "96340",
                    "96340",
                    "96340",
                    "96340",
                    "96340",
                    "96340",
                    "96340",
                    "96340",
                    "96340",
                    "96340",
                    "96340",
                    "96340",
                    "96340",
                    "96340",
                    "96340",
                    "96340",
                    "96340",
                    "96340",
                    "96340",
                    "96340",
                    "96340",
                    "96340"
                ]
            }
        ],
        "modif": [],
        "hashes": [
            "a5c004e2a15f8fc11cd5beb8a32a3283"
        ],
        "ins_time": [
            "2016-11-17T13:11:10Z"
        ],
        "del_time": []
    },
    {
        "first_rev_id": 750030882,
        "first_hash_id": "14161c1dce0d867337fbc19f8340ca17",
        "first_editor_id": "96340",
        "first_rev_time": "2016-11-17T13:13:08Z",
        "deleted": false,
        "ins": [
            750030882
        ],
        "ins_editor": [
            "96340"
        ],
        "del": [],
        "del_editor": [],
        "change_sequence": [
            {
                "hash_id": "14161c1dce0d867337fbc19f8340ca17",
                "rev_id": 750030882,
                "editor_id": "96340",
                "time": "2016-11-17T13:13:08Z",
                "tokens": [
                    "[",
                    "http",
                    ":",
                    "/",
                    "/",
                    "pandektis",
                    ".",
                    "ekt",
                    ".",
                    "gr",
                    "/",
                    "pandektis",
                    "/",
                    "handle",
                    "/",
                    "10442",
                    "/",
                    "172253",
                    "name",
                    "changes",
                    "of",
                    "settlements",
                    "in",
                    "greece",
                    "]"
                ],
                "token_editors": [
                    "5864500",
                    "96340",
                    "96340",
                    "96340",
                    "96340",
                    "96340",
                    "96340",
                    "96340",
                    "96340",
                    "96340",
                    "96340",
                    "96340",
                    "96340",
                    "96340",
                    "96340",
                    "96340",
                    "96340",
                    "96340",
                    "96340",
                    "96340",
                    "96340",
                    "96340",
                    "96340",
                    "96340",
                    "96340"
                ]
            }
        ],
        "modif": [],
        "hashes": [
            "14161c1dce0d867337fbc19f8340ca17"
        ],
        "ins_time": [
            "2016-11-17T13:13:08Z"
        ],
        "del_time": []
    }
]